transaction_id,card_number,timestamp,merchant,location,amount,is_potential_fraud
1,4839996396811801,2026-02-05 16:04:10,Amazon,FL,141.91,0
2,4062531862355719,2026-02-09 07:11:10,Walmart,CA,1634.21,0
3,4927808324734732,2026-01-29 07:36:10,BestBuy,FL,859.34,0
4,4113915316129060,2026-01-15 11:27:10,Target,TX,1123.10,0
5,4290532988229038,2026-02-10 09:06:10,Amazon,CA,842.65,0
6,4316371395719759,2026-01-31 14:09:10,Amazon,FL,1084.46,0
7,4305636602211704,2026-02-12 15:12:10,BestBuy,FL,1168.92,0
8,4750686342383790,2026-02-10 13:36:10,BestBuy,FL,1643.31,0
9,4566509384145900,2026-01-23 18:59:10,Amazon,CA,973.13,0
10,4267840774504963,2026-01-23 10:50:10,Amazon,TX,35.86,0
11,4226181102262349,2026-01-18 09:37:10,BestBuy,NY,66.70,0
12,4826426828340138,2026-01-21 18:15:10,BestBuy,FL,1324.42,0
13,4787504940677120,2026-01-26 13:01:10,Target,NJ,937.84,0
14,4001030411873041,2026-01-28 04:21:10,Walmart,CA,581.12,0
15,4279707968482528,2026-02-10 12:03:10,BestBuy,TX,724.63,0
16,4954144169346995,2026-02-02 05:49:10,BestBuy,CA,1846.26,1
17,4621951142909327,2026-01-29 09:27:10,BestBuy,NJ,1356.49,0
18,4566161985247073,2026-02-09 08:34:10,Walmart,NY,370.05,0
19,4070692910394743,2026-01-19 01:58:10,Amazon,TX,635.29,0
20,4167000986477413,2026-01-20 18:34:10,Amazon,NY,1631.36,0
21,4021258053646933,2026-01-22 05:00:10,BestBuy,TX,1049.72,0
22,4138856899514136,2026-01-23 17:02:10,BestBuy,NY,1833.67,1
23,4520527811065863,2026-01-14 20:45:10,Amazon,TX,75.22,0
24,4834537809101747,2026-02-13 17:59:10,Target,NY,1739.21,1
25,4189889737628683,2026-02-08 18:27:10,GasStation,FL,647.24,0
26,4734260084509885,2026-01-20 04:38:10,GasStation,TX,147.89,0
27,4503261579656559,2026-01-25 01:18:10,Amazon,FL,304.53,0
28,4386177421248127,2026-02-08 02:32:10,GasStation,TX,1692.83,0
29,4958314806258436,2026-02-03 05:22:10,Walmart,CA,681.04,0
30,4767085507432659,2026-01-18 17:17:10,BestBuy,NJ,1819.38,1
31,4562288197671682,2026-02-03 09:47:10,Target,TX,1922.90,1
32,4175666332635982,2026-01-29 05:47:10,Target,TX,1271.65,0
33,4852104220859516,2026-01-31 06:49:10,BestBuy,FL,1306.39,0
34,4897991282289038,2026-02-10 11:34:10,Target,FL,1433.07,0
35,4236203982425834,2026-02-04 14:02:10,Amazon,CA,880.71,0
36,4119383427373123,2026-01-24 05:42:10,Walmart,CA,1202.48,0
37,4309570847374892,2026-02-11 22:24:10,Amazon,TX,1086.42,0
38,4416495617231742,2026-02-11 11:03:10,Amazon,TX,193.73,0
39,4935236161638589,2026-01-18 16:23:10,BestBuy,CA,1916.38,1
40,4877451242275243,2026-01-15 20:25:10,Walmart,FL,645.92,0
41,4458845789002779,2026-01-29 23:35:10,Amazon,NJ,83.86,0
42,4596729140232396,2026-02-08 19:57:10,Amazon,CA,46.05,0
43,4411364832961192,2026-01-26 21:31:10,GasStation,NJ,1509.36,0
44,4792954659900350,2026-01-22 07:46:10,Target,NJ,201.65,0
45,4530389762297129,2026-02-02 12:52:10,BestBuy,NY,527.43,0
46,4568631257929269,2026-01-31 06:47:10,BestBuy,FL,1455.98,0
47,4476804998178817,2026-01-31 21:11:10,GasStation,CA,867.47,0
48,4988061987367258,2026-02-11 15:04:10,GasStation,NJ,1926.14,1
49,4650497598445519,2026-01-23 05:33:10,BestBuy,FL,1947.90,1
50,4650497598445519,2026-01-23 05:33:40,BestBuy,FL,1580.88,1
51,4650497598445519,2026-01-23 05:34:10,BestBuy,FL,1937.06,1
52,4650497598445519,2026-01-23 05:34:40,BestBuy,FL,1848.51,1
53,4650497598445519,2026-01-23 05:35:10,BestBuy,FL,1626.75,1
49,4650497598445519,2026-01-23 05:33:10,BestBuy,FL,880.12,0
50,4696814799142249,2026-01-25 18:22:10,Amazon,TX,951.21,0
51,4199125144896502,2026-01-31 07:41:10,GasStation,FL,594.32,0
52,4050289378704382,2026-01-16 11:06:10,GasStation,CA,869.74,0
53,4402755433114108,2026-02-09 07:59:10,Amazon,CA,1253.13,0
54,4617933486254982,2026-02-12 02:48:10,Amazon,TX,321.34,0
55,4699776610455235,2026-02-02 23:54:10,Target,CA,710.59,0
56,4075338438609003,2026-01-21 15:56:10,Amazon,TX,39.91,0
57,4941832273425610,2026-01-21 04:09:10,GasStation,NY,1723.93,1
58,4956176068678472,2026-01-27 09:35:10,Walmart,CA,138.37,0
59,4281277047510316,2026-02-13 05:14:10,GasStation,NY,1020.66,0
60,4001343152770970,2026-02-10 11:04:10,Walmart,NJ,1356.41,0
61,4054894745202715,2026-01-26 22:12:10,Target,NY,1332.69,0
62,4008772698849900,2026-01-28 12:46:10,GasStation,FL,1247.47,0
63,4553361750866912,2026-02-02 08:50:10,Amazon,NJ,397.24,0
64,4455664851080542,2026-01-23 19:17:10,GasStation,TX,1802.46,1
65,4036769676285260,2026-01-30 02:01:10,Amazon,NY,1701.96,1
66,4079208472110346,2026-01-27 05:26:10,BestBuy,CA,617.41,0
67,4335242467276580,2026-01-25 12:53:10,BestBuy,NJ,353.40,0
68,4252709859397297,2026-02-09 00:15:10,BestBuy,NJ,183.16,0
69,4048840954693698,2026-02-05 13:23:10,BestBuy,NY,1678.18,0
70,4349024358167279,2026-02-02 04:26:10,Amazon,NJ,1218.59,0
71,4560153822290064,2026-02-03 07:10:10,Target,FL,1178.46,0
72,4147920277910623,2026-01-17 10:43:10,Amazon,FL,1935.76,1
73,4438030821797582,2026-01-19 00:09:10,BestBuy,NJ,1019.78,0
74,4567520179863624,2026-01-22 04:48:10,Target,CA,744.13,0
75,4014665484802763,2026-02-08 19:48:10,Walmart,TX,167.60,0
76,4403221002039291,2026-01-20 07:10:10,GasStation,NJ,368.78,0
77,4157307932718595,2026-01-17 08:47:10,BestBuy,FL,550.81,0
78,4023333001364463,2026-02-13 10:32:10,Target,TX,843.67,0
79,4116959617161502,2026-02-08 22:11:10,Walmart,NJ,970.33,0
80,4764739369428613,2026-01-17 20:24:10,Target,NY,1119.65,0
81,4539919055696826,2026-02-10 15:46:10,BestBuy,TX,1351.72,0
82,4645245360383489,2026-01-31 00:18:10,Amazon,TX,1725.80,1
83,4909528348407465,2026-01-23 02:38:10,Amazon,FL,472.25,0
84,4164905314840439,2026-01-20 16:24:10,Walmart,CA,850.97,0
85,4280833886260475,2026-02-01 17:28:10,BestBuy,TX,793.76,0
86,4754766987776300,2026-01-15 13:09:10,GasStation,FL,1705.53,1
87,4628396452154917,2026-02-04 05:44:10,BestBuy,NJ,1230.06,0
88,4456817698976432,2026-01-25 16:58:10,Amazon,NJ,1979.98,1
89,4075362035575892,2026-02-08 11:07:10,Walmart,NY,1858.36,1
90,4464916490465390,2026-01-20 09:41:10,BestBuy,CA,1228.01,0
91,4926492523792655,2026-02-03 23:36:10,Walmart,FL,1695.91,0
92,4594219422888329,2026-01-24 23:34:10,Amazon,TX,1548.41,0
93,4434088242044249,2026-01-27 10:35:10,GasStation,FL,524.73,0
94,4946210299414282,2026-01-31 23:19:10,GasStation,NY,922.52,0
95,4277282541329248,2026-01-18 12:16:10,Target,FL,16.48,0
96,4288881915714192,2026-02-03 10:30:10,GasStation,TX,1112.34,0
97,4728340607923923,2026-01-17 13:28:10,Amazon,CA,1119.63,0
98,4423280759660887,2026-02-12 01:46:10,Amazon,NJ,1981.06,1
99,4610967401654696,2026-01-25 19:16:10,Amazon,CA,284.96,0
100,4540102974604882,2026-01-23 07:37:10,BestBuy,TX,223.28,0
101,4280145528837680,2026-02-11 09:24:10,BestBuy,FL,140.94,0
102,4438049252653532,2026-01-28 21:13:10,BestBuy,NJ,1584.00,0
103,4574783270861626,2026-02-05 02:05:10,Amazon,CA,391.75,0
104,4847941862656384,2026-02-10 21:02:10,Amazon,NY,278.32,0
105,4069446382274605,2026-01-27 12:14:10,Target,NY,1457.25,0
106,4435358212401536,2026-02-09 01:59:10,Walmart,FL,1894.80,1
107,4337206779319859,2026-01-26 11:14:10,GasStation,NJ,1911.23,1
108,4030446586112868,2026-02-08 01:10:10,GasStation,NY,168.54,0
109,4429309570159695,2026-01-24 15:26:10,Amazon,NY,1072.23,0
110,4364924133520312,2026-02-10 06:21:10,Target,TX,1376.44,0
111,4839757427738278,2026-02-02 03:26:10,Target,FL,1412.95,0
112,4581291165753420,2026-01-28 03:23:10,GasStation,NJ,483.41,0
113,4492577170894247,2026-01-19 14:19:10,Amazon,NJ,1370.59,0
114,4723046110533481,2026-01-24 16:08:10,Target,CA,533.66,0
115,4246834444769116,2026-02-11 16:34:10,BestBuy,FL,723.72,0
116,4471880671933756,2026-02-08 06:16:10,BestBuy,TX,472.75,0
117,4462234981985747,2026-01-20 16:17:10,BestBuy,NJ,369.26,0
118,4205448198733705,2026-02-12 04:25:10,Amazon,TX,1834.91,1
119,4851474858939334,2026-01-15 10:09:10,BestBuy,NY,488.02,0
120,4343168983716618,2026-01-18 00:44:10,BestBuy,CA,353.20,0
121,4339568211388577,2026-02-11 16:00:10,Target,CA,1862.53,1
122,4038832455246704,2026-02-01 07:27:10,BestBuy,TX,1270.95,0
123,4301552504984960,2026-01-21 19:59:10,Amazon,CA,228.53,0
124,4597364338531646,2026-01-25 09:22:10,BestBuy,NY,1852.53,1
125,4161507772548527,2026-01-19 09:05:10,Walmart,FL,1184.44,0
126,4686179451303551,2026-01-15 10:51:10,Target,FL,1915.04,1
127,4045853067160481,2026-01-20 17:52:10,Amazon,FL,1257.04,0
128,4016690589364809,2026-01-23 15:33:10,Target,NY,1532.53,0
129,4189596205963874,2026-02-09 12:26:10,Amazon,NJ,842.38,0
130,4265689266927696,2026-02-11 23:01:10,GasStation,NJ,937.07,0
131,4832386639485867,2026-02-04 23:32:10,BestBuy,NY,1481.40,0
132,4061873230310089,2026-01-31 02:02:10,Walmart,NY,902.50,0
133,4741510230558853,2026-02-06 03:16:10,GasStation,FL,523.78,0
134,4924763536798513,2026-01-23 12:38:10,BestBuy,NY,1832.48,1
135,4782587193645821,2026-02-06 15:02:10,BestBuy,NJ,351.81,0
136,4871599557751140,2026-01-23 19:46:10,GasStation,NJ,705.39,0
137,4361482918358808,2026-02-08 09:55:10,Target,TX,464.70,0
138,4010973859123063,2026-02-01 01:12:10,BestBuy,TX,1319.50,0
139,4515675024007784,2026-02-06 10:49:10,Target,TX,1056.83,0
140,4458555493745150,2026-01-31 12:00:10,GasStation,NJ,1977.47,1
141,4953309558894928,2026-02-11 09:14:10,Walmart,NY,208.69,0
142,4077048626943040,2026-01-28 14:59:10,GasStation,FL,483.85,0
143,4399023999529798,2026-01-25 21:45:10,BestBuy,NJ,1343.28,0
144,4518590055947555,2026-02-06 19:14:10,Target,CA,230.78,0
145,4029562864273328,2026-01-24 07:17:10,Walmart,FL,1298.41,0
146,4145174450312539,2026-01-26 23:24:10,Walmart,NJ,1537.14,0
147,4785108726971514,2026-02-09 12:38:10,Target,FL,928.29,0
148,4306046028311885,2026-01-24 05:26:10,Target,TX,1904.74,1
149,4306046028311885,2026-01-24 05:26:40,Target,TX,1976.34,1
150,4306046028311885,2026-01-24 05:27:10,Target,TX,1631.69,1
151,4306046028311885,2026-01-24 05:27:40,Target,TX,1574.38,1
152,4306046028311885,2026-01-24 05:28:10,Target,TX,1613.59,1
148,4306046028311885,2026-01-24 05:26:10,Target,TX,913.60,0
149,4640799044512680,2026-01-21 00:42:10,GasStation,FL,849.48,0
150,4533041074031545,2026-02-10 21:44:10,GasStation,CA,1907.93,1
151,4123568959754215,2026-01-23 15:35:10,Target,TX,1787.31,1
152,4733868994156944,2026-01-21 16:42:10,Walmart,TX,42.82,0
153,4492900701905626,2026-01-27 19:10:10,Amazon,NY,420.29,0
154,4179140330102152,2026-01-16 13:08:10,GasStation,NJ,1000.34,0
155,4784332288979077,2026-02-03 10:00:10,GasStation,FL,1329.90,0
156,4845014113295835,2026-01-19 15:46:10,Target,TX,119.13,0
157,4667701427906229,2026-01-16 21:21:10,GasStation,NY,1271.83,0
158,4091697894849693,2026-01-21 06:43:10,GasStation,CA,1944.87,1
159,4417494877247224,2026-02-05 12:35:10,Target,CA,1338.74,0
160,4478358441197255,2026-01-20 01:49:10,GasStation,FL,424.83,0
161,4591075728213371,2026-01-23 03:47:10,Target,NY,920.98,0
162,4827373912664916,2026-02-13 02:16:10,BestBuy,TX,360.77,0
163,4558801689663064,2026-01-18 11:16:10,BestBuy,NY,149.20,0
164,4362570707095000,2026-01-16 04:28:10,GasStation,FL,628.53,0
165,4576079593646683,2026-01-16 10:13:10,Amazon,TX,858.90,0
166,4979545713548630,2026-02-06 21:59:10,Walmart,NY,1596.90,0
167,4519434593806725,2026-01-21 11:51:10,Target,CA,120.01,0
168,4575404688611115,2026-01-22 20:26:10,Target,TX,1251.37,0
169,4925764221347521,2026-01-20 04:37:10,Walmart,TX,1782.69,1
170,4758556968662942,2026-01-28 08:46:10,GasStation,FL,1020.28,0
171,4593618737150189,2026-01-31 19:05:10,BestBuy,NJ,1727.08,1
172,4820105936369362,2026-01-29 06:53:10,BestBuy,CA,1690.23,0
173,4560704326064164,2026-02-01 16:10:10,GasStation,TX,1039.84,0
174,4297642616314896,2026-01-16 12:23:10,GasStation,NY,1527.08,0
175,4270493628741308,2026-02-12 20:53:10,Target,CA,1011.41,0
176,4498650372136640,2026-02-03 03:01:10,GasStation,CA,1438.71,0
177,4620950517785683,2026-01-20 18:12:10,Walmart,FL,1387.74,0
178,4087329032690629,2026-02-01 07:10:10,BestBuy,NY,599.72,0
179,4812794204857668,2026-02-06 06:09:10,Target,NY,1535.70,0
180,4513103446020086,2026-01-26 16:07:10,Target,TX,211.13,0
181,4501395836339028,2026-01-27 21:33:10,Amazon,TX,197.53,0
182,4787348740442596,2026-02-13 03:38:10,Amazon,CA,1788.88,1
183,4248637351715832,2026-01-23 08:15:10,Amazon,CA,1322.17,0
184,4739164251591791,2026-01-27 13:31:10,Walmart,CA,604.54,0
185,4807931985183825,2026-02-11 04:32:10,Target,FL,533.63,0
186,4494077920143343,2026-01-16 08:02:10,Amazon,NJ,61.20,0
187,4828785924676508,2026-01-15 06:29:10,Walmart,NJ,1817.07,1
188,4428356194505559,2026-02-01 21:04:10,Walmart,NJ,1428.93,0
189,4067111659142089,2026-01-30 20:13:10,Amazon,NJ,589.45,0
190,4975270034246646,2026-01-27 00:33:10,Walmart,NJ,692.55,0
191,4167080150460721,2026-01-17 00:03:10,BestBuy,TX,14.36,0
192,4037226619600498,2026-02-12 11:59:10,Amazon,CA,1706.78,1
193,4622805741481404,2026-01-17 08:04:10,BestBuy,FL,87.46,0
194,4372616973033031,2026-01-31 17:01:10,Walmart,TX,1455.31,0
195,4708823605200826,2026-01-23 17:14:10,Amazon,FL,813.45,0
196,4236332294393274,2026-01-29 00:05:10,GasStation,NJ,773.97,0
197,4838651284153871,2026-01-23 05:08:10,GasStation,NJ,765.76,0
198,4944740109118409,2026-02-13 10:55:10,Amazon,TX,1948.67,1
199,4478951519182479,2026-01-20 12:47:10,Walmart,CA,63.76,0
200,4904845181483823,2026-02-06 00:40:10,Amazon,CA,751.68,0
201,4464652590202134,2026-02-13 08:27:10,Amazon,FL,1163.04,0
202,4935043445073967,2026-01-17 16:38:10,Walmart,CA,1790.17,1
203,4632584465240910,2026-01-26 20:05:10,BestBuy,NJ,202.19,0
204,4507575464939665,2026-02-12 11:07:10,Target,NJ,139.92,0
205,4180476468493235,2026-02-13 11:41:10,GasStation,FL,1591.47,0
206,4035018388554812,2026-02-03 04:31:10,Walmart,NY,1846.87,1
207,4564490089943650,2026-01-31 13:17:10,BestBuy,FL,862.84,0
208,4322454954729576,2026-02-04 19:49:10,GasStation,TX,334.27,0
209,4897749669410829,2026-01-20 05:49:10,BestBuy,NY,1590.03,0
210,4936772163083815,2026-02-07 10:34:10,BestBuy,NY,898.55,0
211,4896083871680112,2026-01-18 12:06:10,Walmart,TX,1243.26,0
212,4933565504447478,2026-02-08 00:09:10,BestBuy,CA,803.93,0
213,4280623610958525,2026-02-07 11:27:10,GasStation,NY,1734.79,1
214,4280623610958525,2026-02-07 11:27:40,GasStation,NY,1540.87,1
215,4280623610958525,2026-02-07 11:28:10,GasStation,NY,1966.84,1
216,4280623610958525,2026-02-07 11:28:40,GasStation,NY,1646.16,1
217,4280623610958525,2026-02-07 11:29:10,GasStation,NY,1799.57,1
213,4280623610958525,2026-02-07 11:27:10,GasStation,NY,1999.68,1
214,4126875366910570,2026-01-23 14:52:10,BestBuy,NJ,1186.76,0
215,4432747908847756,2026-01-21 16:36:10,Target,TX,460.42,0
216,4097272686532101,2026-01-28 23:49:10,Target,CA,335.82,0
217,4536983843094670,2026-02-09 12:32:10,Walmart,CA,46.52,0
218,4929042839292190,2026-02-06 03:19:10,Target,NY,1606.50,0
219,4060141625725836,2026-02-12 13:13:10,Walmart,TX,1307.36,0
220,4925065700173369,2026-01-27 21:13:10,GasStation,NY,974.28,0
221,4339240623990834,2026-02-11 15:28:10,Walmart,FL,1218.91,0
222,4472912102101471,2026-01-25 19:28:10,Amazon,TX,1391.46,0
223,4838605995855239,2026-01-23 17:18:10,Target,CA,1388.42,0
224,4365799023678323,2026-01-31 03:38:10,Target,NJ,1847.92,1
225,4961618156431392,2026-02-07 21:08:10,BestBuy,NY,102.25,0
226,4885744758463603,2026-01-23 22:14:10,Amazon,NY,1830.61,1
227,4179638310144902,2026-02-09 08:17:10,Target,NJ,1708.14,1
228,4164984140593583,2026-02-09 16:14:10,GasStation,NY,1419.11,0
229,4113364537648393,2026-01-28 06:23:10,Amazon,CA,104.20,0
230,4071557101510580,2026-02-10 12:35:10,BestBuy,NJ,1215.51,0
231,4586396490821711,2026-01-14 22:54:10,Target,CA,695.09,0
232,4709826226888520,2026-01-25 09:39:10,Walmart,NJ,995.47,0
233,4903168855353655,2026-01-25 06:48:10,BestBuy,FL,215.54,0
234,4902959867501816,2026-01-28 11:03:10,Walmart,CA,812.94,0
235,4429087360935847,2026-01-19 03:46:10,GasStation,FL,1946.74,1
236,4445932481780087,2026-02-07 23:38:10,Target,NJ,982.81,0
237,4113020107425442,2026-01-18 02:17:10,GasStation,NJ,572.14,0
238,4892665857745885,2026-01-27 14:15:10,GasStation,TX,51.31,0
239,4342765537155907,2026-02-11 11:01:10,Target,FL,1500.12,0
240,4714611417520495,2026-01-26 21:17:10,BestBuy,TX,1133.27,0
241,4892849921573870,2026-02-12 15:21:10,BestBuy,TX,1886.51,1
242,4222632434395881,2026-01-22 12:55:10,GasStation,NY,1358.65,0
243,4023115266789501,2026-01-31 12:45:10,Walmart,CA,592.45,0
244,4002317849740122,2026-01-25 09:37:10,Amazon,NY,1533.40,0
245,4225346985314240,2026-02-04 10:08:10,Walmart,FL,427.86,0
246,4970189715815973,2026-01-24 10:56:10,BestBuy,CA,775.78,0
247,4462331576727496,2026-01-19 21:26:10,Walmart,FL,1313.38,0
248,4300087102558258,2026-01-20 04:00:10,GasStation,NJ,619.25,0
249,4077810453259121,2026-01-24 20:00:10,Target,FL,1326.93,0
250,4012370341472475,2026-02-05 12:22:10,Walmart,FL,1120.59,0
251,4701888740228153,2026-01-27 14:59:10,Target,NJ,1625.81,0
252,4947119774379872,2026-01-15 07:55:10,BestBuy,TX,384.69,0
253,4132673803636326,2026-02-02 02:46:10,Amazon,FL,1813.52,1
254,4385635065662060,2026-02-05 00:28:10,Amazon,FL,1005.38,0
255,4389010245387798,2026-02-12 10:53:10,Target,TX,733.51,0
256,4022975654502022,2026-02-05 18:30:10,GasStation,NJ,554.33,0
257,4691674640166879,2026-01-21 15:49:10,Target,NJ,1624.64,0
258,4755038351678761,2026-01-29 19:08:10,BestBuy,NY,316.28,0
259,4606885439827591,2026-01-17 14:56:10,BestBuy,TX,1014.96,0
260,4179178219341175,2026-01-29 08:23:10,Amazon,FL,1662.32,0
261,4117477809856799,2026-01-14 20:41:10,Amazon,NY,1542.23,0
262,4234483229998330,2026-02-03 01:32:10,Target,TX,857.67,0
263,4043591826953088,2026-02-05 03:36:10,Amazon,FL,193.89,0
264,4213617588385850,2026-01-20 10:42:10,Target,FL,707.00,0
265,4613423167705884,2026-01-18 15:27:10,Amazon,FL,166.77,0
266,4681080742378657,2026-01-20 00:53:10,BestBuy,NY,755.87,0
267,4900378797251963,2026-02-08 06:08:10,Target,FL,1229.85,0
268,4718289281251049,2026-01-22 19:22:10,BestBuy,NY,1719.12,1
269,4365125157342987,2026-02-04 05:11:10,BestBuy,FL,120.66,0
270,4047891510481916,2026-01-28 03:36:10,BestBuy,CA,1855.53,1
271,4486176411831963,2026-01-20 01:37:10,Amazon,NY,957.97,0
272,4629062900387062,2026-02-09 21:14:10,Target,TX,1762.60,1
273,4960692011573090,2026-01-21 10:09:10,GasStation,NJ,1717.82,1
274,4659741494917225,2026-01-19 00:05:10,BestBuy,NY,1950.95,1
275,4062261657186511,2026-01-24 10:04:10,BestBuy,TX,623.15,0
276,4409911909665611,2026-01-21 05:49:10,BestBuy,NJ,473.75,0
277,4468768317878098,2026-02-06 08:58:10,GasStation,NJ,408.69,0
278,4818753910125103,2026-02-05 21:52:10,Target,TX,159.68,0
279,4689922771839594,2026-01-25 20:00:10,Target,FL,1415.96,0
280,4176044859556501,2026-01-29 16:30:10,GasStation,FL,445.52,0
281,4750477767556113,2026-02-07 03:57:10,BestBuy,NY,205.74,0
282,4845233314996881,2026-01-29 20:54:10,BestBuy,NJ,1418.65,0
283,4986309137140721,2026-02-13 14:21:10,Amazon,CA,1552.05,0
284,4141483422207872,2026-01-27 09:54:10,Amazon,NJ,1015.31,0
285,4193315770620017,2026-02-03 01:32:10,Amazon,FL,1856.85,1
286,4114207755041967,2026-02-13 02:14:10,BestBuy,NJ,1930.41,1
287,4341668929392079,2026-01-30 03:07:10,GasStation,NY,1374.58,0
288,4035775738201728,2026-01-20 12:48:10,BestBuy,NJ,999.30,0
289,4528403217264399,2026-02-10 18:59:10,Amazon,NJ,121.19,0
290,4410038743477989,2026-01-18 05:41:10,BestBuy,NJ,706.79,0
291,4217708443262101,2026-01-23 23:18:10,Target,NY,1961.74,1
292,4318787924156398,2026-02-10 12:16:10,Amazon,NJ,1781.73,1
293,4189178357295652,2026-02-12 14:11:10,Amazon,NY,1872.96,1
294,4189178357295652,2026-02-12 14:11:40,Amazon,NY,1964.72,1
295,4189178357295652,2026-02-12 14:12:10,Amazon,NY,1748.11,1
296,4189178357295652,2026-02-12 14:12:40,Amazon,NY,1649.25,1
297,4189178357295652,2026-02-12 14:13:10,Amazon,NY,1800.63,1
293,4189178357295652,2026-02-12 14:11:10,Amazon,NY,1581.92,0
294,4303597759256906,2026-02-11 01:14:10,Walmart,NJ,1525.37,0
295,4742468269992873,2026-02-03 23:07:10,Amazon,TX,1396.90,0
296,4880896776899373,2026-01-14 22:22:10,Amazon,NY,1444.18,0
297,4360876305481603,2026-01-21 09:12:10,GasStation,NY,1107.55,0
298,4069893654629720,2026-02-08 23:38:10,Target,NY,839.85,0
299,4438582588995734,2026-01-16 03:42:10,Walmart,NY,821.00,0
300,4714516689798320,2026-02-05 09:27:10,Amazon,FL,1500.22,0
301,4405779716653325,2026-02-11 12:08:10,Amazon,TX,1465.38,0
302,4707625658640703,2026-01-26 22:47:10,BestBuy,TX,714.24,0
303,4126630386367396,2026-02-04 14:48:10,GasStation,FL,1405.64,0
304,4833312811768659,2026-02-10 15:19:10,Amazon,NY,1915.70,1
305,4781712374084962,2026-01-21 08:53:10,BestBuy,TX,1569.67,0
306,4520899453100495,2026-01-20 08:31:10,Walmart,NJ,218.02,0
307,4928740190156847,2026-01-21 06:38:10,Target,TX,91.64,0
308,4540720490777497,2026-02-09 21:38:11,Target,CA,1023.21,0
309,4350920735199284,2026-01-29 03:18:11,GasStation,CA,1724.66,1
310,4445364374582654,2026-01-24 15:50:11,Target,NJ,365.67,0
311,4673999186380689,2026-01-16 00:20:11,BestBuy,CA,756.18,0
312,4409034682877534,2026-02-07 05:42:11,BestBuy,TX,1595.38,0
313,4686067207509545,2026-01-20 04:08:11,Walmart,FL,707.21,0
314,4217008833956312,2026-02-02 07:57:11,Amazon,NY,1626.49,0
315,4989502282081195,2026-02-01 07:10:11,Target,TX,269.79,0
316,4448711186578823,2026-01-20 18:17:11,Amazon,TX,1259.59,0
317,4401221778697090,2026-02-03 17:11:11,BestBuy,CA,564.78,0
318,4089489661328734,2026-01-25 09:47:11,GasStation,NY,1712.53,1
319,4340074891551152,2026-02-08 06:50:11,Amazon,CA,1543.27,0
320,4144231498190126,2026-01-18 18:03:11,GasStation,CA,196.69,0
321,4180870340306324,2026-01-16 13:04:11,Target,NY,1634.42,0
322,4411779722286686,2026-02-03 10:22:11,GasStation,FL,202.11,0
323,4316137770477026,2026-02-11 18:40:11,GasStation,FL,930.61,0
324,4279355259802982,2026-02-03 02:02:11,Amazon,FL,1181.43,0
325,4655692527721840,2026-02-11 23:22:11,BestBuy,TX,1964.77,1
326,4655692527721840,2026-02-11 23:22:41,BestBuy,TX,1545.24,1
327,4655692527721840,2026-02-11 23:23:11,BestBuy,TX,1630.79,1
328,4655692527721840,2026-02-11 23:23:41,BestBuy,TX,1558.40,1
329,4655692527721840,2026-02-11 23:24:11,BestBuy,TX,1732.97,1
325,4655692527721840,2026-02-11 23:22:11,BestBuy,TX,1915.81,1
326,4446895963177078,2026-01-29 07:04:11,Walmart,CA,1110.41,0
327,4376382752647692,2026-01-20 23:51:11,Amazon,FL,1805.90,1
328,4905386402190709,2026-02-12 16:21:11,GasStation,CA,1749.24,1
329,4970120686694435,2026-01-27 15:10:11,BestBuy,TX,454.48,0
330,4638661205530001,2026-02-05 16:52:11,BestBuy,TX,1630.03,0
331,4120801039863020,2026-01-31 20:06:11,Target,CA,1549.17,0
332,4569688257129218,2026-01-19 09:17:11,Target,TX,882.75,0
333,4822208430586797,2026-02-04 04:36:11,Walmart,NY,875.66,0
334,4754562810207473,2026-02-01 10:36:11,Walmart,CA,179.04,0
335,4947812776463872,2026-01-18 23:24:11,GasStation,FL,686.98,0
336,4728424488172225,2026-01-23 08:25:11,BestBuy,TX,1506.06,0
337,4133997888919191,2026-01-30 18:14:11,BestBuy,NJ,1888.25,1
338,4698541985848443,2026-01-29 20:07:11,BestBuy,NY,40.94,0
339,4789361168781502,2026-01-16 11:43:11,Amazon,NJ,360.85,0
340,4444404464743203,2026-01-20 02:55:11,Walmart,CA,1205.70,0
341,4030186457227702,2026-01-23 15:55:11,GasStation,NJ,1604.20,0
342,4422729808589302,2026-02-07 10:40:11,Target,NJ,330.55,0
343,4592348096773763,2026-01-26 06:45:11,Amazon,FL,1960.11,1
344,4265575402273600,2026-01-17 08:52:11,Target,NY,573.14,0
345,4457434836053033,2026-02-07 07:10:11,BestBuy,NJ,1114.13,0
346,4045079371075151,2026-01-26 09:15:11,Target,FL,466.18,0
347,4862638859584729,2026-02-12 17:20:11,Target,CA,449.36,0
348,4304579926750605,2026-01-18 08:38:11,GasStation,CA,904.24,0
349,4336139095099403,2026-01-31 17:13:11,Walmart,NJ,1318.75,0
350,4095634474008179,2026-01-26 20:40:11,Walmart,CA,1674.51,0
351,4405952301828442,2026-01-18 01:34:11,Target,NJ,1715.16,1
352,4577617988322158,2026-01-15 03:45:11,GasStation,CA,1804.91,1
353,4368969292147326,2026-01-27 20:35:11,Amazon,FL,1033.23,0
354,4216473123666780,2026-02-09 05:34:11,Walmart,CA,1895.35,1
355,4223249518077073,2026-02-09 08:35:11,BestBuy,NJ,34.90,0
356,4022227618584935,2026-02-07 10:09:11,Target,NY,43.59,0
357,4470130308950931,2026-02-11 15:27:11,Amazon,FL,1893.78,1
358,4041506352891637,2026-01-18 15:40:11,Amazon,NY,1757.49,1
359,4048511682458592,2026-01-29 22:52:11,Amazon,CA,1264.91,0
360,4857788192259779,2026-02-09 19:28:11,Walmart,FL,152.97,0
361,4761389542060061,2026-01-25 02:36:11,BestBuy,NJ,1298.19,0
362,4498505836798517,2026-01-30 07:00:11,Walmart,NY,666.66,0
363,4714616047548386,2026-02-07 16:28:11,BestBuy,TX,1441.58,0
364,4109155812280684,2026-02-02 21:55:11,Target,FL,1786.72,1
365,4471271265241095,2026-02-09 02:06:11,BestBuy,FL,87.29,0
366,4708736602283053,2026-01-21 02:52:11,Walmart,NY,228.80,0
367,4071231628599880,2026-01-22 01:11:11,Amazon,TX,941.13,0
368,4679929248798282,2026-02-09 13:59:11,GasStation,NY,1238.76,0
369,4084348895133994,2026-02-04 00:49:11,Target,FL,859.80,0
370,4514265341358918,2026-02-12 22:16:11,Target,NY,895.17,0
371,4870736261947388,2026-02-01 20:02:11,GasStation,NY,1718.64,1
372,4162615005423500,2026-01-22 00:37:11,BestBuy,TX,1623.17,0
373,4195816868790770,2026-02-10 13:24:11,BestBuy,TX,1879.82,1
374,4397408899518943,2026-01-20 03:57:11,Target,TX,1675.10,0
375,4088211299761791,2026-01-31 08:01:11,Walmart,NJ,96.02,0
376,4011730151059775,2026-01-23 19:17:11,BestBuy,FL,1130.05,0
377,4725654399803161,2026-02-04 04:07:11,Amazon,FL,1700.24,1
378,4832014346833586,2026-01-15 03:06:11,Walmart,FL,720.77,0
379,4894318424396602,2026-02-12 11:17:11,Walmart,NJ,272.93,0
380,4014097998722549,2026-01-18 02:00:11,GasStation,TX,1713.72,1
381,4195494768275451,2026-02-11 07:08:11,Walmart,FL,1468.23,0
382,4536578457390337,2026-01-27 03:22:11,Amazon,NY,1458.41,0
383,4690664493586107,2026-01-26 16:27:11,Walmart,NJ,1922.80,1
384,4477823687655431,2026-01-30 08:27:11,BestBuy,CA,1426.58,0
385,4444200050305578,2026-02-02 11:28:11,Walmart,CA,1840.84,1
386,4502004956926785,2026-01-18 04:48:11,Target,NY,470.35,0
387,4622085199429216,2026-02-07 01:43:11,Walmart,FL,657.53,0
388,4865380259710186,2026-01-23 21:20:11,GasStation,NY,34.73,0
389,4495150277596426,2026-01-27 17:20:11,Target,NY,424.72,0
390,4312569020296473,2026-02-06 00:37:11,Target,NJ,457.63,0
391,4065731160680511,2026-02-01 20:05:11,Walmart,CA,1463.60,0
392,4932711511348463,2026-02-04 16:18:11,BestBuy,NJ,1999.33,1
393,4845053192926518,2026-02-12 02:06:11,Walmart,NY,1454.95,0
394,4141042435511538,2026-02-05 08:06:11,Target,NY,1243.77,0
395,4170147579211975,2026-02-10 08:54:11,Amazon,NY,53.85,0
396,4849209918179326,2026-01-16 12:42:11,Target,CA,662.93,0
397,4541954447070245,2026-01-17 17:44:11,Walmart,NY,1268.07,0
398,4804690474465590,2026-02-07 03:48:11,Target,FL,818.70,0
399,4376551065546310,2026-01-28 07:57:11,Walmart,CA,696.45,0
400,4384928278004873,2026-02-04 14:33:11,Amazon,NJ,1421.02,0
401,4395992526919790,2026-02-01 21:20:11,BestBuy,FL,10.93,0
402,4547861337912136,2026-02-11 11:26:11,Target,TX,854.13,0
403,4437701689010694,2026-01-30 20:47:11,BestBuy,CA,1176.64,0
404,4511625486745093,2026-01-22 10:00:11,Walmart,CA,854.13,0
405,4122836650332401,2026-02-08 04:27:11,GasStation,NY,1626.70,0
406,4352162269634686,2026-02-01 15:17:11,GasStation,FL,6.35,0
407,4086247033519326,2026-01-24 09:50:11,Target,NY,9.82,0
408,4701552844191162,2026-01-30 16:20:11,Target,FL,441.03,0
409,4274834570861169,2026-02-03 09:54:11,GasStation,NJ,736.57,0
410,4852884618155023,2026-01-19 12:17:11,BestBuy,NJ,551.03,0
411,4663903704227216,2026-01-16 05:47:11,Walmart,CA,1396.89,0
412,4678700886247583,2026-01-18 17:04:11,Target,NY,354.69,0
413,4352467067926503,2026-01-20 13:00:11,Amazon,NY,471.64,0
414,4599661010409296,2026-01-22 10:50:11,Amazon,TX,733.95,0
415,4565692034063965,2026-01-23 16:17:11,Walmart,NY,512.21,0
416,4316119050014456,2026-01-24 08:30:11,Amazon,NJ,721.33,0
417,4408175127765452,2026-01-15 10:24:11,Walmart,NJ,1411.70,0
418,4882693617756033,2026-01-28 09:17:11,Walmart,NY,538.02,0
419,4780628723378228,2026-01-28 01:56:11,BestBuy,NJ,671.89,0
420,4042586722818285,2026-02-05 07:14:11,BestBuy,CA,815.86,0
421,4921028719273524,2026-02-11 04:45:11,GasStation,NJ,514.33,0
422,4548793394092501,2026-01-29 15:58:11,Amazon,TX,1719.41,1
423,4513411062926936,2026-01-22 21:50:11,Target,FL,643.61,0
424,4363174899663523,2026-01-22 14:01:11,Target,CA,1468.20,0
425,4414710732759590,2026-02-10 12:33:11,Target,NY,1480.04,0
426,4752545679279867,2026-02-10 23:01:11,Amazon,CA,902.75,0
427,4382921571949528,2026-01-14 20:15:11,Amazon,NY,1556.47,0
428,4580037766406553,2026-01-25 07:28:11,Walmart,TX,117.69,0
429,4659182565436047,2026-01-20 11:59:11,Amazon,FL,775.78,0
430,4978927954364365,2026-02-13 07:43:11,Amazon,CA,590.70,0
431,4935695176051569,2026-01-21 18:02:11,BestBuy,NJ,1347.51,0
432,4269183245407605,2026-01-25 23:05:11,GasStation,NJ,579.22,0
433,4800094615129035,2026-01-31 02:54:11,Target,CA,821.37,0
434,4689533036340824,2026-02-08 07:33:11,GasStation,NY,1279.92,0
435,4749299328301030,2026-01-22 19:46:11,Target,FL,1018.90,0
436,4601186775613986,2026-01-31 12:04:11,Walmart,FL,1919.18,1
437,4127043107943375,2026-01-31 05:02:11,BestBuy,NY,548.00,0
438,4793202530442437,2026-01-19 00:35:11,Target,CA,1754.01,1
439,4685981588514588,2026-02-13 13:13:11,Target,CA,697.20,0
440,4842153404857244,2026-01-27 13:01:11,Target,NY,476.70,0
441,4665320519299880,2026-02-04 23:24:11,Amazon,FL,1141.34,0
442,4734484829563098,2026-01-28 10:20:11,GasStation,CA,1314.08,0
443,4485665881241567,2026-01-16 14:06:11,Walmart,NJ,1046.96,0
444,4817144469034653,2026-01-26 09:49:11,GasStation,CA,861.10,0
445,4364646499575996,2026-01-26 01:11:11,GasStation,CA,527.70,0
446,4194156962900473,2026-01-18 00:04:11,Amazon,NY,581.72,0
447,4844780377766256,2026-02-07 17:00:11,BestBuy,TX,1281.30,0
448,4321337428070437,2026-02-01 00:55:11,Amazon,CA,1918.89,1
449,4386916924372803,2026-01-23 03:24:11,GasStation,TX,894.30,0
450,4272472020662372,2026-02-02 00:33:11,Walmart,CA,806.01,0
451,4039451685421593,2026-02-10 11:17:11,GasStation,CA,1149.10,0
452,4312076972935839,2026-02-02 05:54:11,Amazon,CA,442.48,0
453,4153306673282971,2026-01-31 04:20:11,BestBuy,TX,748.63,0
454,4098323114235918,2026-02-10 01:40:11,Walmart,TX,830.41,0
455,4534904873120597,2026-02-01 14:10:11,Target,NY,1922.81,1
456,4673520839999248,2026-02-11 03:12:11,Walmart,TX,1737.44,1
457,4204773019226884,2026-02-13 17:21:11,BestBuy,NJ,900.48,0
458,4299782385829512,2026-01-31 16:47:11,Amazon,NY,1301.38,0
459,4534692470847475,2026-02-09 04:35:11,Amazon,NJ,724.16,0
460,4708731098096006,2026-01-30 00:31:11,Amazon,NY,1856.05,1
461,4130419382078805,2026-01-29 16:45:11,BestBuy,NJ,102.62,0
462,4860237356690585,2026-01-26 20:42:11,Amazon,TX,917.63,0
463,4111489436667495,2026-02-11 11:06:11,BestBuy,NJ,1335.03,0
464,4653882843200367,2026-01-18 13:41:11,BestBuy,CA,1706.10,1
465,4653882843200367,2026-01-18 13:41:41,BestBuy,CA,1911.69,1
466,4653882843200367,2026-01-18 13:42:11,BestBuy,CA,1659.48,1
467,4653882843200367,2026-01-18 13:42:41,BestBuy,CA,1945.45,1
468,4653882843200367,2026-01-18 13:43:11,BestBuy,CA,1711.21,1
464,4653882843200367,2026-01-18 13:41:11,BestBuy,CA,691.03,0
465,4797339491452265,2026-02-01 11:14:11,GasStation,FL,57.52,0
466,4463128360447684,2026-01-22 09:15:11,GasStation,NJ,955.75,0
467,4903150828011422,2026-01-17 13:31:11,Walmart,FL,1418.96,0
468,4009870827318840,2026-01-31 00:32:11,GasStation,FL,506.58,0
469,4423945186855989,2026-02-03 13:43:11,BestBuy,NY,1835.20,1
470,4038896716860525,2026-02-08 23:32:11,BestBuy,FL,1698.33,0
471,4099642916127413,2026-01-22 21:05:11,Target,CA,1850.31,1
472,4734087681812552,2026-02-10 23:15:11,GasStation,CA,370.34,0
473,4471741379496418,2026-01-27 18:57:11,Walmart,CA,984.29,0
474,4840154002082357,2026-01-25 10:17:11,Amazon,CA,1879.78,1
475,4954338240453028,2026-01-16 21:23:11,GasStation,NY,851.60,0
476,4950911139195070,2026-02-06 16:05:11,Walmart,FL,1700.63,1
477,4536106864116174,2026-02-12 04:00:11,Amazon,FL,960.56,0
478,4832322325508378,2026-02-12 13:55:11,BestBuy,NJ,1439.88,0
479,4277396421028940,2026-01-29 18:29:11,BestBuy,NY,573.06,0
480,4326826201990620,2026-01-24 01:30:11,Target,NJ,1071.77,0
481,4679689365670981,2026-01-29 15:11:11,Target,NY,1183.77,0
482,4796961564708593,2026-02-07 00:18:11,GasStation,NY,1570.08,0
483,4303565940626736,2026-02-06 06:03:11,BestBuy,TX,186.15,0
484,4839732910960071,2026-01-28 02:13:11,GasStation,FL,1628.98,0
485,4424837641720529,2026-02-09 02:47:11,GasStation,CA,1992.77,1
486,4471254185494892,2026-01-31 15:45:11,Walmart,CA,1878.16,1
487,4103215110553986,2026-02-01 01:43:11,Amazon,NY,1964.44,1
488,4697822619419782,2026-01-15 01:04:11,Walmart,CA,901.79,0
489,4691955726659056,2026-01-29 01:09:11,Target,CA,1885.32,1
490,4917613080621076,2026-01-15 06:26:11,Target,FL,1170.53,0
491,4944784707060279,2026-01-28 04:07:11,BestBuy,TX,1148.80,0
492,4632916530870759,2026-01-23 13:47:11,BestBuy,CA,1549.73,0
493,4301736162019741,2026-01-30 15:46:11,GasStation,NY,543.93,0
494,4056199034324701,2026-02-01 13:02:11,Amazon,CA,1175.85,0
495,4567097945311206,2026-02-01 05:21:11,GasStation,CA,310.18,0
496,4674836511668302,2026-02-10 10:33:11,Target,NJ,1524.40,0
497,4602164312977742,2026-01-17 06:32:11,Target,NY,1071.82,0
498,4886262118216610,2026-01-21 09:18:11,BestBuy,TX,276.56,0
499,4635121540517261,2026-02-03 15:18:11,GasStation,TX,1291.64,0
500,4718842197140437,2026-01-26 21:25:11,GasStation,CA,1533.11,0
501,4111390006420998,2026-01-19 23:19:11,Walmart,CA,26.00,0
502,4034209258496003,2026-01-18 16:16:11,Walmart,TX,1333.63,0
503,4009984590107319,2026-01-22 17:29:11,Target,NJ,1229.53,0
504,4809698841088845,2026-01-16 19:13:11,BestBuy,FL,704.57,0
505,4848511966571820,2026-02-06 14:22:11,Target,NJ,1960.36,1
506,4472344192279119,2026-02-02 02:07:11,Walmart,NY,231.21,0
507,4090865223626622,2026-02-11 11:33:11,Target,CA,1507.46,0
508,4791544664975909,2026-02-04 08:08:11,Walmart,NJ,231.02,0
509,4210114264463162,2026-01-28 06:02:11,Amazon,CA,781.69,0
510,4705643894043084,2026-01-23 20:21:11,GasStation,CA,420.31,0
511,4125916784776179,2026-01-16 02:45:11,Target,CA,417.28,0
512,4223539845672894,2026-02-09 19:36:11,Amazon,NY,1752.39,1
513,4935762582391527,2026-01-29 19:36:11,GasStation,TX,645.43,0
514,4406175556947837,2026-01-19 16:52:11,BestBuy,NY,1397.78,0
515,4550510637144279,2026-01-25 06:26:11,BestBuy,CA,1800.49,1
516,4601556515121579,2026-01-20 02:24:11,GasStation,TX,729.88,0
517,4375959501113715,2026-01-17 22:37:11,Walmart,CA,1842.66,1
518,4445389061181036,2026-01-16 17:50:11,Walmart,NY,802.71,0
519,4618138723307110,2026-02-11 10:30:11,GasStation,CA,1115.85,0
520,4523295418566336,2026-01-24 17:39:11,Target,TX,268.20,0
521,4057250972644330,2026-01-26 14:47:11,Walmart,CA,1248.27,0
522,4921236116321058,2026-01-18 13:25:11,Amazon,NJ,111.88,0
523,4632382667078867,2026-01-24 02:46:11,BestBuy,NY,1462.30,0
524,4508696970522084,2026-02-05 03:58:11,Walmart,FL,342.73,0
525,4447870960460484,2026-01-21 16:45:11,Walmart,TX,663.84,0
526,4065692276007055,2026-01-29 09:41:11,BestBuy,FL,504.62,0
527,4273083547306744,2026-02-07 05:19:11,Amazon,TX,553.67,0
528,4462984581411623,2026-01-20 11:26:11,Target,CA,1328.50,0
529,4020736316574713,2026-02-04 17:14:11,BestBuy,FL,869.74,0
530,4642732574086128,2026-02-02 11:07:11,Walmart,CA,1215.58,0
531,4907524290287186,2026-01-19 04:56:11,BestBuy,TX,1977.33,1
532,4922896577998013,2026-02-11 04:40:11,GasStation,CA,1824.59,1
533,4736607713065444,2026-02-06 23:38:11,Walmart,FL,1227.18,0
534,4479210755731136,2026-01-23 19:04:11,GasStation,FL,27.92,0
535,4474980925884720,2026-01-23 18:54:11,Walmart,NJ,1095.73,0
536,4137508170474735,2026-02-13 05:33:11,Amazon,FL,251.25,0
537,4117295247009564,2026-01-25 03:57:11,BestBuy,TX,1299.37,0
538,4311607760500841,2026-02-02 14:17:11,Amazon,NJ,874.67,0
539,4882948001410754,2026-01-27 01:51:11,BestBuy,NJ,466.27,0
540,4036530572816443,2026-01-26 05:01:11,Walmart,TX,257.89,0
541,4226007195285340,2026-01-28 02:22:11,Target,CA,1796.34,1
542,4958568379130150,2026-01-29 05:32:11,Amazon,FL,1795.19,1
543,4723860834865065,2026-01-20 03:27:11,BestBuy,NY,1787.11,1
544,4267226823259081,2026-01-19 07:18:11,GasStation,NJ,11.76,0
545,4339047171771123,2026-02-02 16:10:11,Amazon,NY,11.07,0
546,4548983110621555,2026-02-08 03:35:11,Target,CA,1656.32,0
547,4146013278537797,2026-02-08 23:59:11,Target,NJ,246.95,0
548,4725366573316369,2026-01-19 19:28:11,Target,FL,1586.78,0
549,4490406471687578,2026-01-27 18:27:11,GasStation,FL,252.53,0
550,4832662435581218,2026-01-17 04:12:11,GasStation,TX,1723.41,1
551,4541017040478404,2026-02-06 11:27:11,GasStation,TX,130.09,0
552,4558334166055877,2026-02-07 10:17:11,Target,TX,513.35,0
553,4649355587718721,2026-01-15 05:14:11,Target,NY,1269.58,0
554,4488090705559565,2026-01-19 17:38:11,Amazon,TX,1797.15,1
555,4257607260589238,2026-01-19 11:38:11,GasStation,NJ,1228.09,0
556,4125115156998932,2026-01-16 23:37:11,Amazon,NJ,1688.39,0
557,4192508990287885,2026-01-19 14:25:11,Target,NJ,1462.34,0
558,4410155521807803,2026-02-08 21:44:11,Amazon,FL,348.34,0
559,4248533103693217,2026-01-24 06:13:11,BestBuy,NJ,462.43,0
560,4207048804334841,2026-01-27 15:05:11,Target,NJ,991.18,0
561,4838250452454535,2026-01-30 12:51:11,Target,CA,1365.62,0
562,4629072585819037,2026-01-28 14:22:11,GasStation,NY,996.60,0
563,4599969512509588,2026-01-28 16:31:11,Walmart,CA,233.44,0
564,4176704878515967,2026-02-06 19:52:11,Target,FL,704.69,0
565,4995711271749700,2026-01-22 19:24:11,Target,NJ,1440.20,0
566,4277033635754211,2026-02-12 20:23:11,Target,CA,435.36,0
567,4493262833510029,2026-01-31 08:09:11,Target,FL,138.95,0
568,4354906769976377,2026-02-11 12:49:11,Walmart,NJ,1044.69,0
569,4856169087291474,2026-01-26 18:34:11,GasStation,NY,1910.56,1
570,4706594313224006,2026-02-06 08:04:11,Target,CA,120.40,0
571,4784416294219135,2026-01-31 06:04:11,Target,CA,97.93,0
572,4375785390508821,2026-01-29 17:06:11,GasStation,FL,392.38,0
573,4725881618105628,2026-02-02 06:16:11,Amazon,NY,1147.73,0
574,4877807256180911,2026-01-18 19:50:11,Target,CA,1040.39,0
575,4050695956364962,2026-01-25 17:20:11,GasStation,TX,1814.71,1
576,4697943468807634,2026-01-30 08:00:11,Walmart,NJ,39.14,0
577,4410713495491641,2026-01-22 21:53:11,GasStation,FL,1948.51,1
578,4701041123200255,2026-02-09 01:41:11,GasStation,TX,1764.51,1
579,4404883188801850,2026-01-26 13:18:11,BestBuy,CA,431.70,0
580,4060596247175195,2026-01-21 14:10:11,Target,CA,247.70,0
581,4649807999134309,2026-01-20 05:43:11,GasStation,CA,755.41,0
582,4458876777650166,2026-02-03 12:55:11,GasStation,CA,594.01,0
583,4390429079326425,2026-01-25 23:41:11,Walmart,FL,1624.96,0
584,4504312522956709,2026-01-16 20:14:11,BestBuy,TX,928.01,0
585,4033974638872475,2026-02-11 11:20:11,Walmart,CA,1190.70,0
586,4371134419124453,2026-01-28 14:30:11,Target,TX,781.02,0
587,4885119564441390,2026-02-03 06:39:11,GasStation,TX,272.36,0
588,4827220565252016,2026-01-29 21:45:11,Target,NY,1262.22,0
589,4801010631408200,2026-01-24 19:52:11,Walmart,CA,897.85,0
590,4027779596943995,2026-02-02 18:28:11,Walmart,CA,1766.06,1
591,4712500912951383,2026-02-01 06:56:11,Walmart,CA,767.51,0
592,4002896278030676,2026-01-22 11:02:11,Target,CA,936.71,0
593,4782074921517263,2026-02-08 22:07:11,BestBuy,FL,1100.31,0
594,4839127227453663,2026-01-31 01:07:11,Amazon,TX,549.59,0
595,4910532176222345,2026-01-16 21:41:11,BestBuy,CA,1532.84,0
596,4072376636959447,2026-01-28 04:47:11,Target,NY,336.65,0
597,4378339596388269,2026-01-25 21:12:11,Amazon,CA,1029.17,0
598,4963480974834070,2026-01-18 09:14:11,Target,FL,609.16,0
599,4672640034861592,2026-02-03 15:05:11,Amazon,FL,109.64,0
600,4469720754379549,2026-02-05 11:22:11,Walmart,TX,1962.30,1
601,4213932353487752,2026-01-20 09:37:11,Amazon,NY,1763.28,1
602,4819307276525552,2026-01-22 18:52:11,BestBuy,TX,90.83,0
603,4460089077649280,2026-02-08 18:16:11,BestBuy,CA,131.52,0
604,4231282513018321,2026-02-02 13:04:11,Target,NY,1578.81,0
605,4368755691390247,2026-01-19 23:32:11,Target,FL,346.10,0
606,4300566478557870,2026-01-27 19:42:11,Walmart,FL,1748.99,1
607,4804511980509283,2026-02-07 01:08:11,Amazon,CA,1794.24,1
608,4359495660067079,2026-02-03 19:15:11,Target,FL,82.65,0
609,4312850823601925,2026-01-26 15:53:11,Amazon,FL,501.67,0
610,4046357013784869,2026-01-28 20:27:11,Amazon,NJ,895.97,0
611,4759359682462504,2026-02-02 07:55:11,Walmart,CA,957.72,0
612,4001761973101013,2026-01-31 14:57:11,GasStation,TX,1030.15,0
613,4702918683203071,2026-01-25 08:51:11,Walmart,TX,1930.78,1
614,4504139078748508,2026-01-31 13:48:11,BestBuy,NJ,300.83,0
615,4718342274091812,2026-01-17 10:20:11,Walmart,CA,537.70,0
616,4506357705926837,2026-01-18 03:58:11,Target,NY,89.70,0
617,4562393101904756,2026-01-23 00:31:11,Amazon,TX,1023.10,0
618,4332189526419536,2026-02-02 20:45:11,BestBuy,FL,780.96,0
619,4562679925762303,2026-01-17 17:36:11,BestBuy,NJ,1475.06,0
620,4725643000434675,2026-01-17 08:10:11,GasStation,NY,661.04,0
621,4440683548283337,2026-02-08 05:19:11,BestBuy,FL,1768.63,1
622,4752418919324274,2026-01-28 19:16:11,Walmart,NJ,1550.83,0
623,4507830373628876,2026-01-31 03:39:11,Amazon,CA,295.36,0
624,4750903481186043,2026-02-08 09:05:11,GasStation,FL,1637.92,0
625,4467094145831143,2026-02-13 11:22:11,Walmart,CA,1569.87,0
626,4458200512177438,2026-01-27 14:13:11,Amazon,NY,998.36,0
627,4040596685278161,2026-01-23 22:32:11,GasStation,CA,624.76,0
628,4134632144966563,2026-02-03 22:01:11,GasStation,NJ,1936.11,1
629,4703332538111474,2026-02-03 00:43:11,BestBuy,NJ,1075.06,0
630,4350489621863029,2026-01-25 10:20:11,BestBuy,CA,1500.35,0
631,4431059260856784,2026-01-15 09:11:11,BestBuy,CA,1337.91,0
632,4339855980444782,2026-01-28 02:28:11,Amazon,NJ,240.46,0
633,4418924338720531,2026-02-02 11:42:11,Target,FL,959.44,0
634,4794445912029638,2026-01-30 18:37:11,GasStation,NY,384.47,0
635,4198158572796144,2026-01-24 22:55:11,Walmart,NJ,964.50,0
636,4860232096587769,2026-01-31 15:02:11,Amazon,FL,685.88,0
637,4320346500080688,2026-02-12 13:33:11,Amazon,TX,1023.57,0
638,4911329879522471,2026-02-05 20:49:11,BestBuy,FL,846.24,0
639,4846143489182832,2026-01-23 08:06:11,GasStation,TX,368.26,0
640,4090216355391741,2026-02-12 15:37:11,GasStation,NY,1119.77,0
641,4952013552844548,2026-01-19 19:58:11,Target,NY,713.41,0
642,4128075902207217,2026-02-01 09:57:11,Amazon,NY,373.98,0
643,4180285124215813,2026-01-31 02:58:11,GasStation,FL,504.71,0
644,4455901268772289,2026-02-11 04:26:11,GasStation,NY,1556.00,0
645,4440746493785527,2026-02-12 19:16:11,BestBuy,FL,1368.21,0
646,4359214619142750,2026-01-18 22:30:11,GasStation,TX,143.27,0
647,4578648800682202,2026-01-31 10:49:11,Target,CA,278.29,0
648,4611510774711282,2026-01-23 13:26:11,GasStation,TX,755.75,0
649,4100998593545138,2026-02-05 11:38:11,Walmart,FL,1550.11,0
650,4680425580328265,2026-02-06 10:59:11,GasStation,NJ,1378.84,0
651,4032360041093511,2026-02-02 08:43:11,Target,NY,542.89,0
652,4184538280017847,2026-02-03 18:15:11,Walmart,NY,1935.05,1
653,4672512391172946,2026-01-28 18:09:11,Amazon,CA,709.29,0
654,4635765388922849,2026-01-21 01:56:11,GasStation,TX,530.81,0
655,4375354420957983,2026-01-16 05:23:11,Amazon,TX,418.04,0
656,4837749580347539,2026-01-29 15:18:11,Walmart,NY,1795.89,1
657,4782458095108242,2026-01-23 21:37:11,Amazon,NJ,1411.86,0
658,4695483342441276,2026-01-21 06:58:11,Amazon,NY,218.46,0
659,4477358225178691,2026-02-06 04:02:11,GasStation,CA,990.10,0
660,4485505819476152,2026-01-27 11:00:11,Target,CA,1866.89,1
661,4658312263982234,2026-02-06 08:33:11,BestBuy,CA,206.19,0
662,4220374594775397,2026-01-28 15:53:11,Amazon,NY,658.73,0
663,4857718802330944,2026-02-03 05:21:11,Amazon,NY,790.42,0
664,4734974120086935,2026-01-25 03:56:11,Amazon,CA,1993.78,1
665,4854250704948405,2026-02-04 05:02:11,Walmart,CA,1910.99,1
666,4292028532155542,2026-02-09 22:27:11,Amazon,NY,54.98,0
667,4045230542736141,2026-02-13 11:25:11,GasStation,NJ,1138.93,0
668,4852792292307126,2026-01-30 14:06:11,Walmart,NY,222.54,0
669,4371752752760316,2026-01-19 08:48:11,GasStation,TX,415.74,0
670,4214423834019974,2026-01-19 18:34:11,Target,FL,236.64,0
671,4428448392983238,2026-02-02 00:18:11,Target,CA,496.21,0
672,4320774463603376,2026-02-05 17:04:11,Amazon,TX,793.08,0
673,4774173620791235,2026-02-13 05:17:11,GasStation,NJ,618.71,0
674,4487549332020946,2026-02-12 15:11:11,Walmart,FL,639.39,0
675,4445934318951071,2026-02-11 23:59:11,BestBuy,TX,1624.37,0
676,4829541597852071,2026-01-20 16:56:11,GasStation,CA,157.97,0
677,4825587172565482,2026-01-16 09:42:11,Walmart,TX,607.08,0
678,4782662040908480,2026-01-28 10:26:11,Target,NJ,2.15,0
679,4905858243849130,2026-01-26 07:28:11,Target,CA,1935.40,1
680,4058918328953776,2026-01-30 07:44:11,GasStation,CA,271.54,0
681,4577210293795836,2026-01-26 03:01:11,Walmart,NJ,1931.37,1
682,4424123339214293,2026-01-24 15:48:11,Target,CA,1534.37,0
683,4414411405028992,2026-01-28 17:15:11,Target,FL,434.06,0
684,4954065005775758,2026-01-20 03:08:11,GasStation,CA,753.39,0
685,4321794766759663,2026-02-02 11:56:11,GasStation,NJ,1401.82,0
686,4195303898343722,2026-01-17 17:53:11,Amazon,CA,821.18,0
687,4263252151365841,2026-02-10 05:39:11,BestBuy,CA,1796.42,1
688,4275240730631424,2026-02-07 03:13:11,Amazon,NJ,275.54,0
689,4219737768010568,2026-02-03 18:06:11,Target,NY,1437.81,0
690,4854762858678114,2026-02-08 13:08:11,BestBuy,TX,459.95,0
691,4373980131094350,2026-02-05 10:57:11,Walmart,TX,228.05,0
692,4778580800499377,2026-01-27 18:49:11,GasStation,CA,613.17,0
693,4843170765397601,2026-02-13 05:42:11,Walmart,CA,900.58,0
694,4570854682786392,2026-01-20 12:14:11,BestBuy,TX,1121.54,0
695,4734339213418486,2026-02-07 15:47:11,Target,FL,1660.61,0
696,4480199937978161,2026-01-27 04:13:11,Amazon,FL,758.08,0
697,4199415469685385,2026-01-15 16:12:11,Target,NY,1622.86,0
698,4883297175437003,2026-02-03 11:54:11,Target,FL,909.85,0
699,4164020887730971,2026-02-01 02:22:11,BestBuy,TX,1978.06,1
700,4524311617982574,2026-02-04 21:40:11,Amazon,NJ,1195.20,0
701,4687044020150322,2026-01-27 07:36:11,BestBuy,CA,1562.41,0
702,4682363277158970,2026-02-03 07:17:11,Target,FL,1904.57,1
703,4710742730702436,2026-01-21 13:25:11,GasStation,NY,1219.54,0
704,4379014890336536,2026-01-29 10:59:11,Walmart,NY,1596.64,0
705,4751079063632891,2026-01-22 03:45:11,Walmart,NY,575.76,0
706,4791685023292895,2026-02-05 21:25:11,Target,TX,1787.00,1
707,4758500060795499,2026-01-27 01:02:11,Target,FL,956.54,0
708,4535200732487073,2026-01-20 11:36:11,Target,FL,670.27,0
709,4973964917090189,2026-01-19 04:36:11,Amazon,NJ,57.89,0
710,4858749555873439,2026-01-19 22:02:11,Target,CA,205.57,0
711,4303946405691208,2026-01-22 08:43:11,Target,TX,1517.30,0
712,4902055413157140,2026-01-29 02:02:11,BestBuy,TX,1476.18,0
713,4841814185154532,2026-02-03 04:29:11,GasStation,CA,1906.70,1
714,4535719988805985,2026-02-05 17:47:11,BestBuy,CA,919.88,0
715,4363789971891204,2026-01-23 05:16:11,Amazon,NY,1459.22,0
716,4447392582104539,2026-01-16 09:27:11,GasStation,NY,1191.77,0
717,4227683530311573,2026-02-07 11:38:11,Amazon,NY,1026.43,0
718,4088048697165359,2026-01-15 00:06:11,Target,NJ,1022.43,0
719,4171561821141583,2026-01-16 18:16:11,Target,NJ,412.69,0
720,4796165944072815,2026-01-27 17:18:11,BestBuy,CA,797.74,0
721,4642486999650002,2026-02-08 20:31:11,GasStation,FL,1521.30,0
722,4143412702337863,2026-02-06 05:44:11,Target,TX,48.34,0
723,4527407597444775,2026-01-26 16:31:11,BestBuy,NY,344.16,0
724,4902754871592683,2026-01-21 22:47:11,Walmart,NY,1639.41,0
725,4817463682439586,2026-01-23 03:17:11,Amazon,FL,272.54,0
726,4910859396012469,2026-02-03 09:10:11,Walmart,TX,507.38,0
727,4216590353700681,2026-01-27 00:56:11,Amazon,NJ,1508.74,0
728,4181859781024867,2026-01-26 04:34:11,Target,CA,1018.74,0
729,4138359402732705,2026-02-13 18:28:11,Target,NY,1068.95,0
730,4809903272526432,2026-02-12 12:45:11,BestBuy,CA,1134.30,0
731,4913708337985602,2026-02-08 11:09:11,GasStation,NJ,393.04,0
732,4702102773778911,2026-01-20 09:09:11,GasStation,TX,95.53,0
733,4679756045548428,2026-02-01 17:23:11,Walmart,NY,1246.07,0
734,4579978848417540,2026-02-02 04:47:11,Amazon,FL,1461.07,0
735,4058391772184572,2026-02-04 22:50:11,Amazon,NJ,1210.11,0
736,4001829917329843,2026-02-04 20:30:11,BestBuy,FL,329.58,0
737,4058018963493390,2026-02-11 00:22:11,Amazon,NJ,954.46,0
738,4948578079877964,2026-02-02 13:22:11,BestBuy,NY,674.06,0
739,4208235012543702,2026-01-21 08:11:11,Amazon,NY,848.70,0
740,4517418203814832,2026-02-06 12:38:11,Walmart,TX,1609.89,0
741,4393479295109266,2026-02-07 02:20:11,BestBuy,FL,896.67,0
742,4256152459963816,2026-02-08 09:01:11,Walmart,TX,90.73,0
743,4745360501352780,2026-01-25 11:21:11,Walmart,NJ,225.37,0
744,4462979622341775,2026-01-20 02:55:11,BestBuy,TX,1127.35,0
745,4347704467156778,2026-01-16 21:49:11,BestBuy,TX,1602.60,0
746,4830135492601560,2026-02-05 10:45:11,Walmart,NY,76.13,0
747,4199336993192342,2026-01-15 13:46:11,BestBuy,NY,42.19,0
748,4662240562630132,2026-01-21 04:50:11,Target,NJ,1167.56,0
749,4371635242919690,2026-01-21 19:51:11,Amazon,NJ,927.05,0
750,4710061407277947,2026-02-04 22:55:11,Walmart,NJ,359.42,0
751,4031849988292418,2026-01-16 14:53:11,Amazon,FL,1882.90,1
752,4407183966820534,2026-01-24 11:54:11,BestBuy,CA,397.20,0
753,4997210438819883,2026-02-02 10:39:11,Amazon,FL,336.21,0
754,4719664975549756,2026-01-23 03:38:11,Amazon,FL,148.38,0
755,4453837766292833,2026-02-08 18:33:11,BestBuy,NY,1960.58,1
756,4955537472064128,2026-02-12 17:44:11,Target,FL,1137.82,0
757,4651710302614221,2026-01-18 16:43:11,Target,TX,326.24,0
758,4107117016603901,2026-02-12 20:45:11,GasStation,NJ,1294.84,0
759,4675674612657942,2026-01-18 09:17:11,Target,TX,1930.22,1
760,4035251376576187,2026-02-09 02:01:11,Walmart,FL,1766.84,1
761,4133904616856653,2026-01-30 20:50:11,BestBuy,TX,676.68,0
762,4606374727567096,2026-02-03 15:37:11,Walmart,CA,229.74,0
763,4152943534533006,2026-01-19 22:48:11,Target,NY,1703.37,1
764,4152943534533006,2026-01-19 22:48:41,Target,NY,1696.90,1
765,4152943534533006,2026-01-19 22:49:11,Target,NY,1943.46,1
766,4152943534533006,2026-01-19 22:49:41,Target,NY,1698.94,1
767,4152943534533006,2026-01-19 22:50:11,Target,NY,1515.65,1
763,4152943534533006,2026-01-19 22:48:11,Target,NY,843.99,0
764,4377231885103878,2026-01-14 20:45:11,Walmart,TX,283.36,0
765,4619985450517246,2026-02-06 06:24:11,Target,NY,1281.78,0
766,4357009149947912,2026-01-22 06:08:11,GasStation,FL,1133.30,0
767,4178711861863306,2026-02-13 07:44:11,GasStation,CA,150.52,0
768,4297200885266012,2026-01-20 01:30:11,BestBuy,NJ,1517.94,0
769,4553254424878978,2026-02-09 19:31:11,BestBuy,TX,427.61,0
770,4483416482678342,2026-02-02 22:52:11,BestBuy,CA,1053.61,0
771,4885475984136353,2026-02-11 15:26:11,Target,NY,1574.90,0
772,4035620547664023,2026-01-20 11:41:11,Target,TX,1030.63,0
773,4407137456997339,2026-02-04 21:28:11,BestBuy,NY,1082.63,0
774,4404795628095093,2026-01-27 03:25:11,BestBuy,NY,1833.25,1
775,4919636487653867,2026-01-18 04:26:11,Amazon,FL,250.05,0
776,4968648064811420,2026-01-20 08:41:11,Target,FL,131.11,0
777,4603280271614352,2026-01-26 02:23:11,GasStation,NJ,816.68,0
778,4952602070605745,2026-02-01 19:43:11,Amazon,TX,672.01,0
779,4173398039687072,2026-01-26 05:21:11,Walmart,NJ,750.90,0
780,4719814204776003,2026-02-08 07:38:11,BestBuy,NY,452.73,0
781,4344316574895806,2026-02-05 14:31:11,BestBuy,NY,1664.55,0
782,4352373152903979,2026-01-26 08:02:11,GasStation,NY,689.56,0
783,4125106655261124,2026-01-25 13:11:11,BestBuy,CA,462.91,0
784,4130624177932385,2026-01-22 02:42:11,Amazon,NY,561.99,0
785,4461135961043219,2026-01-24 06:03:11,Walmart,FL,689.02,0
786,4359120810705649,2026-02-06 07:15:11,GasStation,NY,1571.88,0
787,4762095516779864,2026-01-19 15:37:11,Target,TX,1999.85,1
788,4414024878030170,2026-02-03 19:24:11,Amazon,NY,1503.53,0
789,4644776358180012,2026-01-27 11:12:11,Target,NY,1277.49,0
790,4720052947682941,2026-01-15 23:08:11,GasStation,FL,929.17,0
791,4771267254454130,2026-02-06 18:30:11,BestBuy,FL,1098.15,0
792,4564717449465255,2026-01-17 01:37:11,Target,FL,215.16,0
793,4844195574501615,2026-02-10 14:56:11,BestBuy,FL,1187.08,0
794,4852798856266847,2026-01-15 19:44:11,Amazon,FL,1560.96,0
795,4073659305153186,2026-01-30 05:22:11,Amazon,CA,131.72,0
796,4110232628852678,2026-02-11 03:45:11,GasStation,NJ,309.56,0
797,4766727653909706,2026-01-28 22:07:11,BestBuy,TX,161.63,0
798,4242262112110283,2026-02-06 02:20:11,GasStation,NY,1232.11,0
799,4729620664976205,2026-02-11 09:21:11,Walmart,FL,261.78,0
800,4320365477630384,2026-01-30 09:27:11,Target,TX,1237.20,0
801,4929111717080832,2026-02-04 21:23:11,BestBuy,NY,206.11,0
802,4905435134501497,2026-01-19 15:14:11,Walmart,TX,1146.31,0
803,4119895327295538,2026-01-23 22:31:11,GasStation,TX,1270.31,0
804,4078309354359135,2026-01-15 17:35:11,GasStation,CA,644.22,0
805,4691756565612414,2026-02-08 10:27:11,Amazon,NY,1606.55,0
806,4637114578643517,2026-01-18 18:19:11,GasStation,NY,73.08,0
807,4584582622085142,2026-02-05 23:01:11,GasStation,NJ,773.81,0
808,4611080180218056,2026-02-12 06:04:11,Target,NJ,1433.87,0
809,4051162742765597,2026-02-03 12:24:11,GasStation,FL,1412.15,0
810,4869715741256249,2026-01-30 23:57:11,BestBuy,TX,101.53,0
811,4236983730023291,2026-01-30 15:32:11,Walmart,NJ,655.82,0
812,4114151979047693,2026-02-06 17:52:11,GasStation,CA,576.83,0
813,4564578910762967,2026-01-25 02:15:11,Walmart,CA,68.84,0
814,4299677582946588,2026-01-24 21:10:11,Target,TX,1346.92,0
815,4963719272613098,2026-02-01 07:52:11,GasStation,TX,1624.16,1
816,4963719272613098,2026-02-01 07:52:41,GasStation,TX,1530.33,1
817,4963719272613098,2026-02-01 07:53:11,GasStation,TX,1809.30,1
818,4963719272613098,2026-02-01 07:53:41,GasStation,TX,1738.68,1
819,4963719272613098,2026-02-01 07:54:11,GasStation,TX,1536.90,1
815,4963719272613098,2026-02-01 07:52:11,GasStation,TX,1359.02,0
816,4725610900682714,2026-02-13 09:13:11,Target,NY,661.47,0
817,4565008822262800,2026-01-20 07:12:11,BestBuy,NJ,1924.19,1
818,4565008822262800,2026-01-20 07:12:41,BestBuy,NJ,1783.73,1
819,4565008822262800,2026-01-20 07:13:11,BestBuy,NJ,1965.66,1
820,4565008822262800,2026-01-20 07:13:41,BestBuy,NJ,1979.22,1
821,4565008822262800,2026-01-20 07:14:11,BestBuy,NJ,1688.29,1
817,4565008822262800,2026-01-20 07:12:11,BestBuy,NJ,1931.33,1
818,4127599850347670,2026-01-22 11:12:11,BestBuy,TX,1150.90,0
819,4236618343055610,2026-01-16 01:56:11,BestBuy,NJ,849.41,0
820,4162213397444846,2026-02-07 15:27:11,Amazon,CA,1709.20,1
821,4257623062461324,2026-02-06 07:13:11,Amazon,NY,1393.50,0
822,4340390605393721,2026-02-07 14:21:11,GasStation,CA,1281.78,0
823,4601727202062136,2026-02-11 00:41:11,Walmart,NY,1599.24,0
824,4533900181579876,2026-01-29 05:32:11,Target,FL,465.20,0
825,4995906067426587,2026-01-20 02:13:11,Amazon,NY,154.49,0
826,4425255134804258,2026-01-22 05:30:11,BestBuy,FL,1815.84,1
827,4642322388775488,2026-01-22 05:20:11,Amazon,CA,1891.80,1
828,4440396184682844,2026-01-15 07:25:11,Amazon,FL,339.90,0
829,4784898022760667,2026-01-27 11:34:11,GasStation,NJ,1059.50,0
830,4198140903755243,2026-01-23 21:47:11,Target,FL,979.50,0
831,4286321436811904,2026-02-05 00:32:11,Target,FL,1282.57,0
832,4558904245315321,2026-01-19 04:11:11,Walmart,NY,87.13,0
833,4600297103858126,2026-02-10 20:28:11,GasStation,NJ,1095.18,0
834,4929976196013245,2026-01-21 04:33:11,Walmart,TX,1196.18,0
835,4660598693303867,2026-02-09 13:55:11,Walmart,NJ,1543.01,0
836,4688688729369246,2026-01-27 06:55:11,Amazon,NJ,1424.27,0
837,4371884606609892,2026-02-08 12:06:11,Walmart,CA,1840.31,1
838,4705607621534385,2026-02-02 19:33:11,GasStation,NY,246.18,0
839,4297772251332639,2026-02-03 22:49:11,Amazon,FL,114.41,0
840,4947424424971505,2026-02-07 19:36:11,GasStation,NY,80.72,0
841,4557174507618956,2026-01-15 17:30:11,Amazon,CA,157.65,0
842,4792763665217656,2026-02-11 20:29:11,Walmart,NY,407.82,0
843,4110676505845577,2026-02-04 14:24:11,BestBuy,NJ,1807.50,1
844,4628390657249862,2026-01-21 00:46:11,Target,NY,1345.42,0
845,4049809522065111,2026-02-02 13:20:11,BestBuy,CA,1884.58,1
846,4372362871834742,2026-01-25 12:32:11,Amazon,NJ,1044.00,0
847,4370289485627152,2026-02-03 04:55:11,Walmart,CA,1152.56,0
848,4178961643957757,2026-01-18 06:06:11,Walmart,TX,1341.33,0
849,4689992027647473,2026-02-06 14:58:11,GasStation,CA,465.78,0
850,4591671084291201,2026-01-23 03:11:11,Target,FL,885.32,0
851,4280127344575180,2026-02-05 17:13:11,Amazon,FL,207.34,0
852,4177457329276055,2026-02-01 01:14:11,Walmart,FL,1393.32,0
853,4352219602329037,2026-01-14 23:26:11,BestBuy,NJ,650.16,0
854,4151466158925256,2026-01-26 13:45:11,Amazon,NJ,1111.78,0
855,4832284742341593,2026-02-06 02:52:11,Target,FL,812.29,0
856,4640425835447407,2026-02-09 00:02:11,BestBuy,CA,1802.56,1
857,4089535073019213,2026-02-12 10:01:11,BestBuy,NY,813.78,0
858,4094869104907610,2026-01-19 17:19:11,BestBuy,CA,402.50,0
859,4583368153156515,2026-02-02 00:32:11,GasStation,NJ,1386.33,0
860,4873520039206335,2026-02-01 01:45:11,Amazon,CA,169.05,0
861,4903440587737828,2026-01-29 15:22:11,Target,CA,241.36,0
862,4149357693600506,2026-02-05 10:39:11,Target,NJ,915.13,0
863,4819138952920523,2026-01-27 14:17:11,Amazon,FL,574.97,0
864,4352129469482442,2026-01-23 08:11:11,Amazon,NJ,94.47,0
865,4690226398033037,2026-01-24 07:11:11,Walmart,NJ,1377.85,0
866,4608324211801874,2026-02-12 02:46:11,GasStation,CA,4.36,0
867,4441982376430837,2026-01-15 23:14:11,Target,NY,508.62,0
868,4576780286090461,2026-01-27 12:37:11,Target,NJ,1469.74,0
869,4859018998675216,2026-02-11 18:06:11,Amazon,NY,160.08,0
870,4001131408944730,2026-01-28 21:46:11,Amazon,NY,871.57,0
871,4363198778926883,2026-01-14 20:25:11,Amazon,FL,1945.76,1
872,4365088621685179,2026-01-29 21:13:11,BestBuy,TX,1943.78,1
873,4111271844852062,2026-02-07 17:23:11,BestBuy,CA,711.54,0
874,4570842571506685,2026-02-12 17:29:11,Target,NJ,1715.87,1
875,4401049555991500,2026-01-16 10:36:11,BestBuy,TX,1152.00,0
876,4816943827130634,2026-01-28 06:10:11,Amazon,NY,1100.60,0
877,4268246007102947,2026-02-08 00:46:11,Amazon,CA,1015.27,0
878,4189660187044856,2026-01-14 19:51:11,BestBuy,CA,1817.80,1
879,4754586862835292,2026-02-03 17:12:11,BestBuy,CA,1669.15,0
880,4000926906509978,2026-01-29 11:27:11,Walmart,NJ,1227.96,0
881,4700420941814166,2026-01-29 06:10:11,Walmart,CA,1424.43,0
882,4829736891237917,2026-01-29 20:15:11,GasStation,NJ,883.20,0
883,4262275997180976,2026-02-02 07:04:11,Amazon,NJ,1985.14,1
884,4864181728821560,2026-01-31 04:06:11,Target,TX,1348.14,0
885,4484526017130350,2026-01-20 11:28:11,Amazon,FL,1541.59,0
886,4060679321929570,2026-02-10 07:38:11,BestBuy,FL,1479.51,0
887,4473637957919050,2026-01-22 17:52:11,Target,CA,894.70,0
888,4649622415601037,2026-01-22 02:49:11,Target,TX,1909.48,1
889,4539405965012665,2026-02-11 21:11:11,GasStation,NY,162.28,0
890,4457132179065442,2026-02-04 13:42:11,Walmart,FL,1055.40,0
891,4312570024990240,2026-02-10 12:31:11,BestBuy,NJ,799.29,0
892,4226174759233087,2026-01-16 17:19:11,BestBuy,NJ,1791.21,1
893,4586267438683388,2026-01-23 17:07:11,BestBuy,FL,1367.52,0
894,4915816731028804,2026-02-08 00:43:11,Target,TX,539.78,0
895,4934248855728506,2026-01-18 09:13:11,GasStation,NY,499.90,0
896,4790533875343815,2026-01-25 23:51:11,BestBuy,TX,1073.39,0
897,4272662307245074,2026-02-01 19:54:11,Amazon,TX,1983.94,1
898,4049934161872681,2026-01-19 13:22:11,BestBuy,NY,1480.35,0
899,4555807249660956,2026-01-24 14:48:11,Target,NJ,1646.23,0
900,4801618642361524,2026-01-29 08:33:11,GasStation,NJ,1538.23,0
901,4389136126160031,2026-01-26 19:54:11,GasStation,TX,1399.80,0
902,4351691004337907,2026-01-29 05:14:11,Walmart,TX,1824.82,1
903,4247157459408951,2026-02-05 10:47:11,Amazon,CA,1060.79,0
904,4258586691183522,2026-01-26 06:57:11,GasStation,NJ,703.76,0
905,4004721946680748,2026-01-23 08:52:11,BestBuy,NJ,102.56,0
906,4195741752473083,2026-01-23 13:34:11,BestBuy,FL,1431.23,0
907,4215882851789957,2026-01-27 22:46:11,BestBuy,NY,802.64,0
908,4355137573877629,2026-01-27 21:58:11,GasStation,NJ,1020.29,0
909,4029927045177380,2026-01-24 05:20:11,Target,CA,415.83,0
910,4955581673082161,2026-01-28 08:44:11,Target,NY,1089.56,0
911,4213142147782556,2026-01-28 22:39:11,Target,NJ,93.06,0
912,4540195657989857,2026-02-12 00:02:11,Target,FL,940.92,0
913,4176711048752064,2026-01-20 07:20:11,Walmart,TX,1023.47,0
914,4182492987462901,2026-02-03 19:54:11,GasStation,NY,1863.53,1
915,4670749245918943,2026-02-11 04:28:11,Amazon,NY,19.82,0
916,4319373838985515,2026-02-11 13:33:11,Amazon,FL,1044.75,0
917,4282973170033875,2026-02-13 00:36:11,BestBuy,NY,490.03,0
918,4566808657498536,2026-01-30 14:52:11,Amazon,NJ,1901.44,1
919,4788359569941719,2026-01-17 19:29:11,Target,CA,1106.75,0
920,4052445875638196,2026-01-18 16:13:11,Amazon,NJ,136.70,0
921,4278671434363601,2026-02-08 00:26:11,Walmart,NJ,645.88,0
922,4081391418679940,2026-01-29 13:32:11,Amazon,CA,1209.00,0
923,4399989440326473,2026-02-10 02:51:11,Amazon,NY,1152.71,0
924,4177091587716021,2026-02-04 09:00:11,BestBuy,TX,954.80,0
925,4731924875920092,2026-01-20 01:17:11,Amazon,NJ,1249.67,0
926,4567840550847781,2026-01-28 13:32:11,Amazon,NJ,259.95,0
927,4327515355326530,2026-02-07 07:41:11,Walmart,CA,786.36,0
928,4934248992623247,2026-01-31 12:28:11,Amazon,CA,1211.13,0
929,4481965206248620,2026-02-05 10:02:11,GasStation,NJ,563.37,0
930,4040667972280475,2026-01-25 02:24:11,BestBuy,NJ,480.58,0
931,4482577146181179,2026-02-02 21:05:11,GasStation,FL,630.67,0
932,4829453406856746,2026-01-22 17:19:11,GasStation,TX,444.11,0
933,4662897279144244,2026-01-25 11:01:11,GasStation,NY,1602.63,0
934,4080284273545794,2026-01-18 21:22:11,GasStation,FL,689.81,0
935,4005289082177523,2026-01-19 07:45:11,Target,CA,124.71,0
936,4859636922113887,2026-02-07 15:24:11,Amazon,NY,1561.94,0
937,4784810529548574,2026-01-21 14:48:11,Amazon,FL,1946.34,1
938,4991991075185559,2026-01-21 02:00:11,Walmart,TX,1317.73,0
939,4666827643533096,2026-01-29 11:22:11,GasStation,CA,1445.43,0
940,4416198207985420,2026-01-27 22:47:11,Amazon,TX,847.30,0
941,4069396663559955,2026-01-23 05:05:11,Walmart,NY,1570.92,0
942,4508291836370200,2026-01-24 20:28:11,BestBuy,NY,828.42,0
943,4942410966168811,2026-02-13 09:59:11,Amazon,NY,750.49,0
944,4771051169216952,2026-02-10 07:15:11,GasStation,TX,1048.26,0
945,4054035604542163,2026-01-17 23:12:11,Target,NY,731.17,0
946,4991845493291603,2026-02-03 19:25:11,Target,NJ,1093.16,0
947,4051143130988955,2026-02-06 17:21:11,Amazon,TX,387.10,0
948,4019269707246609,2026-02-08 15:24:11,GasStation,CA,1557.70,0
949,4465101563691704,2026-01-19 15:50:11,GasStation,FL,153.18,0
950,4595551980039016,2026-01-28 09:33:11,Amazon,NJ,1751.65,1
951,4720014705360494,2026-01-18 07:06:11,BestBuy,NY,844.36,0
952,4224430148430811,2026-02-04 03:07:11,Walmart,NY,1461.63,0
953,4417427278708098,2026-01-19 22:54:11,Walmart,NJ,541.80,0
954,4096958246620914,2026-02-06 09:33:11,Walmart,CA,1760.13,1
955,4962009907993497,2026-02-05 21:35:11,Walmart,NJ,1050.79,0
956,4553514810169750,2026-01-22 02:36:11,GasStation,CA,1608.71,0
957,4287488092456953,2026-01-19 01:24:11,Target,NY,1734.68,1
958,4041918066787997,2026-01-28 03:58:11,GasStation,FL,677.75,0
959,4154367167839644,2026-02-01 05:21:11,Walmart,CA,35.47,0
960,4238093185934882,2026-01-17 19:33:11,Target,CA,1306.34,0
961,4813589329877127,2026-01-23 01:30:11,BestBuy,TX,808.67,0
962,4005857895284914,2026-02-07 20:44:11,Amazon,NY,1770.33,1
963,4694804410510410,2026-02-10 20:41:11,GasStation,TX,837.67,0
964,4926391442939942,2026-02-05 23:39:11,Target,TX,1418.08,0
965,4543452972104276,2026-01-18 16:29:11,Amazon,FL,1500.23,0
966,4761855852362892,2026-01-30 07:58:11,BestBuy,CA,1058.37,0
967,4423802639563642,2026-02-11 00:33:11,Amazon,NJ,1486.89,0
968,4143864850310824,2026-02-02 07:51:11,Walmart,FL,1691.25,0
969,4140015059858209,2026-01-17 03:40:11,BestBuy,FL,830.60,0
970,4687911173426311,2026-01-22 18:44:11,Amazon,NY,1051.14,0
971,4393317935515998,2026-01-23 19:00:11,BestBuy,TX,587.13,0
972,4233196177532022,2026-02-09 10:25:11,GasStation,CA,1210.92,0
973,4997501793750517,2026-01-25 01:33:11,Target,TX,1493.57,0
974,4059277869464442,2026-02-06 12:02:11,Amazon,NY,573.54,0
975,4890664986408463,2026-01-15 05:49:11,Amazon,FL,1996.86,1
976,4951578059419895,2026-01-31 22:07:11,Walmart,NJ,703.39,0
977,4355117352645978,2026-01-17 20:07:11,BestBuy,FL,189.93,0
978,4866688594812795,2026-02-04 19:01:11,Amazon,CA,1806.89,1
979,4485511019110085,2026-01-24 06:43:11,BestBuy,CA,794.39,0
980,4345141623666202,2026-02-03 00:47:11,Walmart,FL,713.54,0
981,4633734487422217,2026-01-29 13:21:11,Target,NJ,1561.23,0
982,4341963988550174,2026-01-30 03:03:11,Target,TX,39.42,0
983,4243288962141217,2026-01-22 05:12:11,BestBuy,CA,1353.97,0
984,4157040903312062,2026-02-01 22:22:11,Amazon,FL,721.31,0
985,4086248725183931,2026-01-21 06:56:11,Amazon,FL,1866.05,1
986,4526268934026153,2026-02-04 21:10:11,Target,TX,716.71,0
987,4765859829263880,2026-02-07 19:03:11,BestBuy,CA,429.84,0
988,4744684494133814,2026-02-08 18:03:11,Amazon,NJ,1354.39,0
989,4334773385374624,2026-01-20 19:32:11,GasStation,TX,1226.75,0
990,4503650080391896,2026-01-26 16:28:11,Walmart,NY,1870.64,1
991,4896527140300913,2026-02-11 21:52:11,BestBuy,FL,459.14,0
992,4748745937175304,2026-01-15 17:02:11,BestBuy,TX,1825.84,1
993,4773283014083148,2026-01-31 05:59:11,BestBuy,FL,663.32,0
994,4567099762099280,2026-01-30 10:58:11,Walmart,NJ,962.06,0
995,4418759029397400,2026-01-31 06:04:11,BestBuy,TX,1283.23,0
996,4865825092587644,2026-02-09 12:48:11,Target,CA,1418.74,0
997,4713944080268282,2026-02-10 21:16:11,BestBuy,NY,1730.33,1
998,4763000345248089,2026-01-18 09:29:11,GasStation,TX,1379.64,0
999,4934056509969750,2026-02-10 19:32:11,GasStation,CA,1762.46,1
1000,4400047526692093,2026-02-06 21:18:11,BestBuy,TX,678.85,0
