transaction_id,card_number,timestamp,merchant,location,amount,is_fraud
1,4290459423614700,2026-02-01 03:16:45,Amazon,CA,295.21,0
2,4385390363640962,2026-02-01 03:06:45,GasStation,FL,1163.87,0
3,4870451735378368,2026-02-03 20:20:45,Amazon,CA,1299.58,0
4,4444133595602826,2026-01-19 22:56:45,Target,FL,229.39,0
5,4569430417482476,2026-02-04 16:54:45,Amazon,NJ,68.44,0
6,4544202067320609,2026-01-09 00:51:45,GasStation,CA,986.08,0
7,4264564637938978,2026-02-01 13:12:45,Amazon,TX,483.02,0
8,4915020059673009,2026-01-23 03:27:45,Target,NJ,1018.01,0
9,4015328021533530,2026-01-20 21:04:45,Target,FL,990.8,0
10,4062099469170342,2026-01-18 10:50:45,Target,NY,697.38,0
11,4795044358485723,2026-01-11 10:34:45,Amazon,NY,1404.87,0
12,4985447829985826,2026-01-22 19:39:45,BestBuy,NY,155.44,0
13,4758599426511750,2026-02-04 15:50:45,Walmart,FL,758.75,0
14,4840380507438300,2026-01-13 12:47:45,GasStation,NJ,1801.95,1
15,4664820632862470,2026-01-21 21:12:45,BestBuy,CA,342.32,0
16,4489273813284492,2026-01-25 12:33:45,Target,NY,736.03,0
17,4015784960939484,2026-01-21 23:33:45,Amazon,NY,1753.46,1
18,4581850511743281,2026-01-31 09:07:45,GasStation,NY,843.35,0
19,4030666048260298,2026-02-02 21:38:45,Target,FL,1749.44,1
20,4672647920755552,2026-02-03 14:15:45,BestBuy,NY,329.42,0
21,4368302027230379,2026-01-17 06:51:45,Walmart,NY,172.16,0
22,4672209324416953,2026-01-22 20:15:45,Walmart,NJ,710.41,0
23,4220458032442112,2026-02-06 04:28:45,Walmart,FL,738.58,0
24,4775007163815454,2026-01-17 14:30:45,GasStation,CA,963.19,0
25,4246728997588058,2026-01-21 19:36:45,Target,NY,1002.3,0
26,4480643990973542,2026-01-31 14:28:45,Amazon,NJ,645.31,0
27,4810654245651642,2026-01-25 08:31:45,Walmart,TX,356.96,0
28,4510390275196105,2026-02-04 00:39:45,GasStation,FL,912.17,0
29,4554566318585584,2026-01-30 07:57:45,Walmart,FL,945.33,0
30,4505187068874088,2026-02-05 19:27:45,Target,FL,1517.75,1
31,4204540918892923,2026-02-01 03:26:45,GasStation,FL,1158.48,0
32,4887529013088208,2026-01-30 10:15:45,Amazon,NY,371.69,0
33,4161414676388380,2026-01-13 13:35:45,BestBuy,NY,1319.72,0
34,4497710530477351,2026-02-01 19:01:45,Amazon,NJ,1870.77,1
35,4795818297743499,2026-01-30 08:51:45,GasStation,TX,564.07,0
36,4764497595400479,2026-02-07 01:26:45,GasStation,CA,1286.4,0
37,4718658953959005,2026-01-20 15:57:45,BestBuy,NY,128.23,0
38,4251783171977435,2026-01-13 08:16:45,BestBuy,FL,1497.68,0
39,4456967632360795,2026-01-08 21:11:45,Target,FL,1293.56,0
40,4623533825142657,2026-01-17 07:59:45,GasStation,FL,1930.88,1
41,4027056481162653,2026-02-04 05:16:45,GasStation,NJ,15.42,0
42,4503911698109583,2026-01-13 12:19:45,Target,NY,1308.24,0
43,4607015256404901,2026-02-06 17:03:45,BestBuy,FL,891.27,0
44,4271055258174610,2026-01-22 00:04:45,BestBuy,TX,974.05,0
45,4750450906759063,2026-01-13 10:22:45,GasStation,TX,659.08,0
46,4811669121335852,2026-01-28 03:54:45,Amazon,FL,994.87,0
47,4372560012023076,2026-02-05 05:51:45,Walmart,TX,1837.79,1
48,4685827093659615,2026-01-22 20:35:45,Target,CA,334.96,0
49,4217896756665414,2026-01-12 02:39:45,Walmart,CA,649.44,0
50,4054519958175023,2026-01-22 10:08:45,Amazon,NY,1822.97,1
51,4727424289277484,2026-01-13 07:44:45,Amazon,NY,977.76,0
52,4645514126599843,2026-01-12 13:27:45,Walmart,NJ,1197.78,0
53,4091882911950447,2026-01-13 07:42:45,BestBuy,TX,1121.05,0
54,4625290478411567,2026-02-03 06:04:45,Amazon,NJ,1755.59,1
55,4082566476421763,2026-01-14 03:07:45,Target,TX,352.66,0
56,4321164193449159,2026-01-25 22:21:45,GasStation,NJ,1158.3,0
57,4866566136805560,2026-01-23 18:16:45,Amazon,FL,997.22,0
58,4509584748735058,2026-01-31 11:18:45,BestBuy,CA,263.47,0
59,4685865876607290,2026-01-31 04:02:45,BestBuy,CA,1775.44,1
60,4925094121105166,2026-01-30 03:57:45,Amazon,TX,1151.58,0
61,4169816886821695,2026-02-02 02:21:45,Target,NY,1774.66,1
62,4401271759182008,2026-01-23 17:44:45,Walmart,CA,561.93,0
63,4702350965519505,2026-01-24 08:30:45,Target,FL,1668.55,1
64,4086626529628821,2026-01-29 14:34:45,Amazon,NY,56.19,0
65,4208667125647742,2026-01-12 12:02:45,Walmart,CA,1296.65,0
66,4185598822584966,2026-01-27 22:42:45,BestBuy,NY,1767.2,1
67,4785051654686692,2026-02-03 01:52:45,GasStation,FL,1195.37,0
68,4690479000782090,2026-02-04 20:07:45,Amazon,TX,1585.0,1
69,4061035312690205,2026-01-10 10:45:45,Amazon,NJ,1135.66,0
70,4495528983888689,2026-01-29 11:36:45,Amazon,NY,1458.87,0
71,4854954160626461,2026-01-28 15:20:45,Walmart,NJ,1424.65,0
72,4894528612605497,2026-01-16 11:45:45,Walmart,NJ,1270.37,0
73,4878362430675448,2026-01-22 22:33:45,Amazon,TX,1241.99,0
74,4366437849099561,2026-01-15 09:46:45,GasStation,NJ,508.18,0
75,4209939185002456,2026-01-22 00:17:45,GasStation,NJ,90.7,0
76,4319237188380503,2026-02-04 15:25:45,BestBuy,NY,305.78,0
77,4034377922870639,2026-01-31 15:59:45,Amazon,NJ,778.39,0
78,4081097597112895,2026-02-03 02:38:45,Target,NY,556.11,0
79,4735877290486864,2026-01-25 21:45:45,GasStation,FL,91.53,0
80,4514170723476349,2026-02-06 13:49:45,BestBuy,FL,231.38,0
81,4304352040062829,2026-02-06 11:16:45,Walmart,FL,942.02,0
82,4209552897127780,2026-01-17 22:49:45,BestBuy,CA,239.23,0
83,4141405357466974,2026-01-16 14:21:45,Walmart,FL,1860.33,1
84,4723599616725787,2026-01-14 23:42:45,Target,TX,1610.72,1
85,4865981021448212,2026-01-25 09:24:45,Amazon,TX,681.09,0
86,4252565691252821,2026-01-31 14:21:45,Walmart,NJ,1929.87,1
87,4758852848286373,2026-01-08 10:54:45,BestBuy,NY,1350.72,0
88,4330821004129370,2026-01-09 17:19:45,Walmart,NY,869.44,0
89,4215973857291599,2026-01-14 12:59:45,Amazon,NJ,32.9,0
90,4635154381116200,2026-01-27 04:31:45,Amazon,TX,370.25,0
91,4509241086225250,2026-01-30 06:46:45,GasStation,TX,24.64,0
92,4719170321150033,2026-01-15 17:49:45,Amazon,CA,546.83,0
93,4543311885400388,2026-01-25 08:41:45,Walmart,NY,1219.61,0
94,4557636269918589,2026-01-10 23:31:45,Target,FL,1744.17,1
95,4315530819255646,2026-02-02 22:58:45,GasStation,CA,845.53,0
96,4378132430490197,2026-01-22 05:18:45,Amazon,CA,644.09,0
97,4098264594868535,2026-02-01 07:14:45,Walmart,NJ,281.24,0
98,4181632942913891,2026-02-01 19:48:45,GasStation,NJ,511.81,0
99,4246009202340711,2026-01-12 05:50:45,BestBuy,CA,1857.11,1
100,4058841116909659,2026-01-25 21:11:45,BestBuy,NJ,1153.98,0
101,4162166610114215,2026-01-30 21:37:45,Walmart,NY,923.58,0
102,4140724265345460,2026-01-30 11:13:45,Amazon,NY,120.15,0
103,4393922821744966,2026-01-12 12:47:45,BestBuy,TX,1155.98,0
104,4469769512162675,2026-01-31 17:44:45,Target,FL,1008.66,0
105,4232669228142754,2026-01-12 23:55:45,BestBuy,TX,358.91,0
106,4549721151436112,2026-01-26 05:08:45,GasStation,FL,641.14,0
107,4349596169604443,2026-02-03 14:47:45,BestBuy,TX,671.16,0
108,4147626781759036,2026-01-29 18:02:45,Target,NY,1640.28,1
109,4478026799735522,2026-01-10 02:55:45,GasStation,TX,1279.58,0
110,4719627036674424,2026-01-20 03:58:45,Target,CA,740.26,0
111,4731110954111733,2026-02-06 08:42:45,Walmart,CA,435.91,0
112,4659340283425034,2026-01-12 10:41:45,GasStation,TX,280.31,0
113,4726688814004887,2026-01-30 08:23:45,Walmart,FL,981.93,0
114,4140907223839136,2026-01-27 15:29:45,Walmart,TX,1160.67,0
115,4727327475965139,2026-02-02 02:37:45,BestBuy,TX,400.24,0
116,4529332874155440,2026-01-13 19:09:45,Walmart,TX,554.17,0
117,4699147188944286,2026-01-17 23:13:45,BestBuy,CA,1249.3,0
118,4996190229793645,2026-01-13 22:33:45,BestBuy,CA,498.64,0
119,4825141550875280,2026-01-21 20:26:45,BestBuy,FL,1329.34,0
120,4254799137910124,2026-01-09 23:13:45,Walmart,NY,1491.95,0
121,4671107976979774,2026-01-18 11:49:45,Amazon,FL,337.69,0
122,4322370514762721,2026-02-03 07:17:45,Walmart,NY,1186.77,0
123,4678305821704940,2026-01-16 22:06:45,BestBuy,NJ,30.01,0
124,4404913062560507,2026-01-19 00:28:45,Amazon,TX,667.64,0
125,4703472030532425,2026-01-30 23:17:45,Amazon,TX,709.24,0
126,4825523414414683,2026-01-11 16:21:45,BestBuy,NJ,1776.94,1
127,4499189330473473,2026-01-24 09:04:45,Amazon,TX,1741.5,1
128,4204306981246911,2026-01-14 04:39:45,Amazon,NY,1914.81,1
129,4267545005911679,2026-01-18 02:26:45,Target,FL,1604.15,1
130,4421215423507673,2026-01-26 01:03:45,GasStation,TX,404.98,0
131,4973170059652251,2026-01-16 00:34:45,BestBuy,TX,1872.62,1
132,4705068602831814,2026-02-04 06:34:45,Walmart,CA,1326.39,0
133,4924955709885437,2026-01-24 12:55:45,Amazon,FL,1777.39,1
134,4535702411319222,2026-01-09 15:56:45,GasStation,FL,185.64,0
135,4797989735626832,2026-01-24 06:07:45,BestBuy,FL,1607.53,1
136,4855104752593729,2026-01-17 08:42:45,GasStation,TX,1422.89,0
137,4441919049667950,2026-01-27 12:07:45,Amazon,NY,479.84,0
138,4565038717273775,2026-01-17 08:19:45,GasStation,NJ,1771.22,1
139,4811761659659017,2026-02-01 12:03:45,Walmart,TX,923.94,0
140,4596087769439837,2026-01-16 00:47:45,Target,NJ,1493.75,0
141,4687088842748746,2026-01-24 17:36:45,Walmart,NJ,1921.9,1
142,4201028859447131,2026-01-29 10:23:45,GasStation,NJ,718.78,0
143,4802203346202020,2026-01-08 12:38:45,Amazon,TX,122.21,0
144,4865277190153703,2026-01-26 09:56:45,Target,NJ,1858.41,1
145,4101030394756816,2026-01-15 04:13:45,BestBuy,CA,878.13,0
146,4443873363055850,2026-01-21 06:36:45,BestBuy,TX,1221.05,0
147,4479225252753588,2026-02-01 16:21:45,Walmart,FL,385.45,0
148,4748118456665378,2026-02-02 19:22:45,BestBuy,NY,656.24,0
149,4762408026923003,2026-01-09 04:56:45,BestBuy,TX,851.67,0
150,4426799621792323,2026-02-06 13:54:45,GasStation,FL,1422.97,0
151,4470788334963761,2026-01-12 19:29:45,GasStation,NJ,1851.09,1
152,4420353805574742,2026-02-01 04:39:45,Amazon,NY,933.78,0
153,4799801623996759,2026-02-06 18:35:45,Target,FL,1455.58,0
154,4870308862709611,2026-01-30 17:15:45,BestBuy,FL,338.95,0
155,4279858235229892,2026-01-19 02:06:45,GasStation,TX,1053.24,0
156,4239011938862086,2026-01-23 01:50:45,Amazon,NJ,1111.91,0
157,4406493782850091,2026-01-24 21:08:45,Walmart,NY,516.56,0
158,4302171698632514,2026-01-16 09:54:45,Target,TX,1655.46,1
159,4864622593601257,2026-02-03 08:59:45,Target,FL,1833.37,1
160,4872514430682057,2026-01-19 11:53:45,Target,NY,28.17,0
161,4165828445999213,2026-01-27 22:14:45,Target,CA,241.77,0
162,4660096805088853,2026-01-15 20:39:45,GasStation,FL,729.53,0
163,4305563535809547,2026-01-26 21:19:45,GasStation,TX,1492.09,0
164,4604572283592562,2026-01-25 08:37:45,GasStation,TX,968.46,0
165,4053437971196218,2026-01-12 19:21:45,Target,NY,28.3,0
166,4620091363361112,2026-02-02 11:12:45,Walmart,TX,22.99,0
167,4066530225732409,2026-01-18 21:02:45,Walmart,NJ,1099.5,0
168,4479736960235149,2026-01-17 14:17:45,BestBuy,NJ,1525.98,1
169,4975741504616581,2026-01-09 12:15:45,Walmart,FL,1507.63,1
170,4844807726975307,2026-02-06 15:24:45,GasStation,FL,491.72,0
171,4792049082485528,2026-01-08 19:53:45,Target,NY,1881.41,1
172,4277489662715201,2026-02-01 10:57:45,Amazon,NY,398.02,0
173,4266988581068483,2026-02-07 05:43:45,Target,TX,987.52,0
174,4249388559759723,2026-02-02 06:44:45,Walmart,NY,974.18,0
175,4793531608540125,2026-01-12 19:45:45,Walmart,TX,1119.55,0
176,4075545304564847,2026-01-09 01:14:45,Target,TX,35.39,0
177,4294480800373619,2026-01-31 15:52:45,Amazon,TX,39.22,0
178,4561113154207894,2026-01-22 07:10:45,Amazon,TX,1829.51,1
179,4230956370555510,2026-01-17 20:25:45,BestBuy,NJ,1056.79,0
180,4482432511457158,2026-02-05 11:52:45,Walmart,FL,390.79,0
181,4417555823184188,2026-01-20 21:50:45,Walmart,TX,1590.21,1
182,4674021017889586,2026-01-09 01:01:45,GasStation,NY,888.23,0
183,4096550153622969,2026-02-07 00:08:45,Walmart,NY,388.78,0
184,4247085698598817,2026-01-16 00:20:45,Walmart,NJ,953.0,0
185,4573937131404168,2026-02-05 08:48:45,GasStation,FL,1155.15,0
186,4138024786562254,2026-01-26 16:37:45,BestBuy,NY,416.22,0
187,4039889232011536,2026-01-12 01:47:45,Amazon,CA,1580.1,1
188,4573717898947823,2026-01-20 21:41:45,Walmart,TX,1347.0,0
189,4899990800793042,2026-02-05 02:19:45,Target,TX,1921.61,1
190,4188084719407572,2026-01-30 09:49:45,BestBuy,NJ,247.81,0
191,4660973010506591,2026-02-04 05:43:45,GasStation,NJ,781.38,0
192,4940080148885387,2026-01-18 07:36:45,Walmart,TX,1470.05,0
193,4061515614900790,2026-01-27 03:14:45,GasStation,NJ,273.41,0
194,4923930136551899,2026-01-13 01:36:45,Target,TX,1594.36,1
195,4444853794875637,2026-01-30 06:18:45,Amazon,NY,1698.97,1
196,4814675335798492,2026-01-26 15:24:45,GasStation,NY,399.93,0
197,4520524104431558,2026-02-01 20:11:45,Target,FL,110.97,0
198,4052590656212776,2026-01-27 06:55:45,BestBuy,TX,248.93,0
199,4058376910336041,2026-01-17 18:39:45,GasStation,TX,1421.34,0
200,4343775626473291,2026-01-09 17:46:45,BestBuy,FL,1067.08,0
201,4292028621743296,2026-01-09 02:01:45,GasStation,NJ,1343.8,0
202,4259522455668806,2026-02-04 04:20:45,Target,NY,1985.53,1
203,4300908614718362,2026-01-29 17:34:45,BestBuy,NY,1729.6,1
204,4704264036801237,2026-01-21 08:19:45,GasStation,NY,1341.23,0
205,4963478243003422,2026-02-03 12:39:45,Target,TX,1430.9,0
206,4081140431159370,2026-01-12 19:30:45,Walmart,CA,1829.09,1
207,4855394634290594,2026-01-19 15:10:45,Amazon,TX,1588.63,1
208,4437328612753452,2026-01-17 12:38:45,Target,FL,1052.97,0
209,4827926083449352,2026-01-10 19:26:45,Amazon,TX,1313.24,0
210,4710729754741377,2026-01-23 07:55:45,Target,FL,1398.95,0
211,4866864276497273,2026-02-04 04:44:45,Walmart,NY,1806.5,1
212,4156699480747006,2026-01-26 11:55:45,Amazon,NY,1468.69,0
213,4999344495799183,2026-01-11 18:30:45,GasStation,CA,75.7,0
214,4626515950792883,2026-01-15 11:25:45,GasStation,TX,702.64,0
215,4760111317162336,2026-01-13 09:23:45,Walmart,FL,1673.85,1
216,4701134065606926,2026-01-08 11:10:45,Amazon,TX,1572.23,1
217,4773224015990375,2026-01-08 23:04:45,BestBuy,CA,1687.33,1
218,4227506172997049,2026-01-29 09:59:45,Amazon,NJ,1295.54,0
219,4058659485622200,2026-01-26 21:45:45,GasStation,FL,1998.5,1
220,4133790116985856,2026-02-02 13:59:45,GasStation,NY,1496.91,0
221,4315541562794458,2026-02-05 22:54:45,Target,NJ,105.92,0
222,4788831615308337,2026-02-03 00:27:45,Walmart,TX,1510.94,1
223,4979544347125575,2026-01-26 12:40:45,Walmart,NJ,355.61,0
224,4212429042883675,2026-01-20 20:24:45,Target,CA,1835.86,1
225,4915592466066189,2026-01-25 05:14:45,GasStation,FL,456.15,0
226,4289856593197865,2026-01-13 15:42:45,BestBuy,TX,289.8,0
227,4433580903891787,2026-02-02 05:10:45,Target,CA,557.24,0
228,4717380496467140,2026-01-22 22:57:45,Walmart,NY,12.37,0
229,4539649350223673,2026-01-27 00:35:45,Walmart,CA,111.9,0
230,4858279872800262,2026-01-18 22:37:45,Target,CA,1701.85,1
231,4673673926734634,2026-01-26 04:53:45,Walmart,CA,1021.34,0
232,4654070880709194,2026-01-30 02:57:45,Target,FL,1102.97,0
233,4648916049753909,2026-01-19 23:36:45,GasStation,NJ,1947.28,1
234,4341722968026863,2026-01-23 04:46:45,GasStation,NY,359.09,0
235,4103782193797281,2026-01-22 15:17:45,Amazon,FL,1504.31,1
236,4090742268151203,2026-01-23 07:06:45,GasStation,FL,657.52,0
237,4182138441178672,2026-01-12 16:37:45,BestBuy,FL,1262.75,0
238,4541633935667143,2026-01-18 15:25:45,Walmart,NY,1108.45,0
239,4822156442558598,2026-02-05 00:35:45,Target,CA,1012.61,0
240,4668710389368208,2026-01-17 16:14:45,Amazon,NY,144.03,0
241,4095242226616161,2026-01-17 08:34:45,Walmart,NY,736.03,0
242,4896369075700422,2026-01-12 16:08:45,BestBuy,NY,1575.31,1
243,4942597430328841,2026-02-04 20:02:45,Amazon,TX,918.74,0
244,4472950080231112,2026-01-18 02:16:45,GasStation,NJ,432.3,0
245,4851591942247247,2026-01-24 20:06:45,Target,NJ,825.45,0
246,4401554350106799,2026-01-17 02:15:45,Target,NJ,589.09,0
247,4969265896500364,2026-01-12 14:46:45,BestBuy,TX,1472.84,0
248,4487651120378263,2026-01-09 13:27:45,GasStation,NY,1560.21,1
249,4080383421091907,2026-01-17 10:47:45,Target,TX,402.63,0
250,4623657646933240,2026-02-01 23:18:45,Walmart,NY,219.49,0
251,4830932525736519,2026-01-09 02:18:45,Walmart,NJ,69.22,0
252,4719224356857331,2026-01-08 22:47:45,Walmart,NJ,1075.73,0
253,4190143135915774,2026-01-31 00:49:45,BestBuy,TX,761.48,0
254,4161378935192263,2026-02-06 21:35:45,Amazon,NY,350.27,0
255,4180773237823422,2026-01-15 09:37:45,BestBuy,TX,1527.93,1
256,4854505316858532,2026-01-10 20:12:45,Target,TX,416.44,0
257,4821541019352105,2026-02-01 02:43:45,Walmart,FL,890.62,0
258,4500122444678773,2026-01-22 22:46:45,Target,NY,1143.93,0
259,4293558003680766,2026-01-24 04:40:45,Target,CA,1091.87,0
260,4062918704938445,2026-02-03 14:02:45,Walmart,CA,581.89,0
261,4540328870147714,2026-01-25 02:43:45,Target,CA,1782.19,1
262,4095458112730179,2026-01-16 05:51:45,Amazon,NJ,1798.08,1
263,4133387355455837,2026-01-15 00:06:45,BestBuy,FL,104.39,0
264,4948328427234267,2026-02-02 10:10:45,Target,CA,142.02,0
265,4358170479753156,2026-01-20 08:49:45,Target,CA,1251.66,0
266,4716994788363775,2026-01-24 10:37:45,Amazon,CA,213.58,0
267,4696414806757138,2026-01-13 19:30:45,GasStation,CA,1081.1,0
268,4331274390044911,2026-01-14 18:17:45,Amazon,CA,351.44,0
269,4386785238843511,2026-01-22 18:13:45,Amazon,CA,1151.84,0
270,4636230965463782,2026-01-18 04:24:45,Target,NY,1929.5,1
271,4563045698931317,2026-01-28 02:11:45,Walmart,TX,1993.76,1
272,4289233463416313,2026-02-05 03:16:45,Walmart,TX,651.38,0
273,4898909131406509,2026-01-29 18:33:45,BestBuy,NY,1869.08,1
274,4499352324874890,2026-01-20 05:27:45,Target,TX,481.13,0
275,4216084507705967,2026-01-12 04:00:45,GasStation,TX,1345.72,0
276,4917260438667828,2026-01-31 14:42:45,BestBuy,NJ,1434.65,0
277,4117188536863169,2026-01-21 15:28:45,GasStation,CA,1651.67,1
278,4584119760655543,2026-01-31 21:18:45,GasStation,CA,354.93,0
279,4322756233402778,2026-02-04 03:33:45,GasStation,CA,1762.06,1
280,4481557654741341,2026-02-02 02:12:45,Walmart,CA,1982.25,1
281,4367738583860151,2026-01-08 22:09:45,GasStation,TX,1709.14,1
282,4291315890407954,2026-01-27 13:40:45,Amazon,FL,627.67,0
283,4051364159051604,2026-01-09 12:53:45,GasStation,NY,178.75,0
284,4833762466046246,2026-01-29 12:10:45,BestBuy,TX,664.97,0
285,4616571336799141,2026-01-16 02:15:45,Walmart,TX,1444.07,0
286,4904953618984241,2026-01-11 20:46:45,Target,CA,96.19,0
287,4043856832012689,2026-01-10 15:52:45,Amazon,NJ,1727.95,1
288,4115473316181347,2026-02-02 20:41:45,Amazon,NY,1610.88,1
289,4511656561410067,2026-02-03 22:56:45,Amazon,NJ,1792.28,1
290,4907727335398810,2026-01-15 16:42:45,BestBuy,CA,1898.45,1
291,4824424788614482,2026-01-25 11:15:45,Walmart,NY,1717.18,1
292,4314078902177815,2026-01-29 04:26:45,GasStation,FL,278.98,0
293,4647619460817346,2026-01-31 02:08:45,BestBuy,TX,37.15,0
294,4042014898971235,2026-01-26 19:53:45,GasStation,FL,266.28,0
295,4856472060532683,2026-01-09 16:37:45,Walmart,FL,646.33,0
296,4207505847182515,2026-01-24 09:53:45,Target,CA,853.19,0
297,4979983416238026,2026-01-18 08:22:45,Amazon,FL,1925.71,1
298,4241999896228086,2026-01-18 03:35:45,Target,FL,492.77,0
299,4815322004162944,2026-02-02 04:10:45,Target,NY,451.64,0
300,4654129208015215,2026-01-12 23:00:45,BestBuy,CA,877.32,0
301,4876783306748357,2026-01-15 22:51:45,Walmart,TX,259.34,0
302,4955934570700519,2026-01-17 20:56:45,Target,NJ,1634.05,1
303,4805611553365592,2026-01-20 07:46:45,Target,NY,1719.35,1
304,4213741757875199,2026-01-13 18:21:45,BestBuy,NJ,1482.73,0
305,4802030856940773,2026-02-03 19:01:45,BestBuy,CA,1752.95,1
306,4952839858679637,2026-01-16 23:10:45,Amazon,TX,1958.89,1
307,4588666132228883,2026-01-16 03:37:45,Walmart,CA,530.86,0
308,4316972644445930,2026-01-28 08:30:45,Amazon,FL,1227.86,0
309,4782011992662940,2026-01-27 15:20:45,BestBuy,NJ,15.87,0
310,4735545741945783,2026-01-24 03:51:45,Target,TX,945.1,0
311,4498767937567657,2026-01-27 21:08:45,GasStation,FL,329.16,0
312,4896579908511818,2026-01-24 08:41:45,Target,TX,1824.88,1
313,4675211692051820,2026-01-13 04:27:45,BestBuy,FL,1396.06,0
314,4229296268320120,2026-01-26 02:14:45,Target,NJ,756.14,0
315,4705048171231886,2026-02-02 08:12:45,GasStation,TX,1391.87,0
316,4739183110739949,2026-01-14 04:51:45,Amazon,FL,1537.24,1
317,4522647053969613,2026-01-24 14:29:45,BestBuy,NY,639.19,0
318,4596437306744351,2026-01-23 18:35:45,Amazon,CA,628.14,0
319,4139036799095957,2026-01-26 03:12:45,GasStation,TX,1258.45,0
320,4166699730936838,2026-01-09 14:43:45,BestBuy,CA,167.7,0
321,4429771077273268,2026-01-31 23:49:45,Target,NJ,1364.77,0
322,4254103542096229,2026-01-19 12:48:45,Amazon,CA,1581.63,1
323,4562357198488422,2026-02-06 01:00:45,Amazon,CA,197.42,0
324,4791319248241132,2026-01-16 12:06:45,Walmart,TX,1368.6,0
325,4165487479621475,2026-02-02 00:30:45,GasStation,TX,918.16,0
326,4401332306654295,2026-01-24 23:58:45,Walmart,NJ,1266.4,0
327,4434694685074363,2026-01-15 03:49:45,GasStation,TX,325.35,0
328,4456490064393643,2026-01-16 10:25:45,Walmart,NJ,353.54,0
329,4959171050767497,2026-01-25 20:45:45,Walmart,CA,1994.37,1
330,4349539040039889,2026-01-18 09:35:45,BestBuy,NJ,1577.07,1
331,4983413736047787,2026-02-03 12:01:45,GasStation,TX,1289.08,0
332,4451175801771479,2026-02-05 18:56:45,GasStation,CA,1360.35,0
333,4443265446262443,2026-02-03 07:07:45,GasStation,NY,1295.01,0
334,4497548862862292,2026-02-05 06:40:45,BestBuy,NY,843.43,0
335,4931835683663128,2026-01-28 20:35:45,Target,TX,83.26,0
336,4209503095660618,2026-01-18 15:57:45,Amazon,NJ,1877.27,1
337,4796762145693129,2026-01-27 14:20:45,Target,NJ,1450.07,0
338,4998026171401951,2026-02-01 07:11:45,GasStation,NY,1833.67,1
339,4956382577443920,2026-01-09 13:38:45,Walmart,NJ,1260.44,0
340,4948696393665135,2026-01-09 06:22:45,BestBuy,NJ,1333.24,0
341,4472748326777156,2026-02-02 09:08:45,Amazon,FL,1358.88,0
342,4671683694638966,2026-01-25 11:02:45,BestBuy,FL,1380.1,0
343,4091080945874434,2026-02-05 11:03:45,Amazon,TX,1778.11,1
344,4692567659220547,2026-01-24 04:26:45,Amazon,NY,687.37,0
345,4379727003683318,2026-01-18 23:20:45,BestBuy,NJ,293.96,0
346,4981470768493859,2026-01-19 21:53:45,BestBuy,TX,985.24,0
347,4943218123614138,2026-02-05 10:11:45,Walmart,TX,1285.37,0
348,4435373863898985,2026-01-23 17:10:45,Target,NJ,227.74,0
349,4579408977356237,2026-01-25 11:27:45,Amazon,FL,1557.23,1
350,4370291879167388,2026-01-14 10:04:45,Target,FL,124.64,0
351,4922539416061498,2026-01-22 13:49:45,Target,FL,1878.82,1
352,4553017047176510,2026-02-04 03:10:45,Walmart,TX,1229.02,0
353,4870382771581304,2026-01-12 02:14:45,Walmart,NJ,1770.71,1
354,4778826856806441,2026-01-11 00:42:45,GasStation,NJ,892.88,0
355,4398933419360466,2026-01-19 00:06:45,Amazon,NJ,145.2,0
356,4118659214009296,2026-01-29 21:21:45,Walmart,CA,1613.43,1
357,4564082974651551,2026-01-29 02:40:45,Target,TX,1050.4,0
358,4027718291639231,2026-01-08 21:07:45,Target,CA,898.83,0
359,4205112809583722,2026-01-11 23:40:45,Walmart,FL,1360.06,0
360,4353056072044573,2026-01-17 21:43:45,GasStation,NY,1055.75,0
361,4202780513980166,2026-01-26 22:33:45,BestBuy,NJ,304.09,0
362,4100645182508366,2026-01-12 03:53:45,Walmart,NJ,641.28,0
363,4590774278885653,2026-01-30 23:54:45,Walmart,FL,1805.74,1
364,4783346033640384,2026-01-21 05:52:45,GasStation,NJ,262.63,0
365,4404258337171152,2026-01-19 21:44:45,BestBuy,CA,1806.96,1
366,4378370160738594,2026-01-30 05:41:45,Target,NY,1651.72,1
367,4246900656291963,2026-01-29 19:56:45,Walmart,FL,1474.79,0
368,4716613249599336,2026-01-10 11:52:45,Amazon,TX,495.45,0
369,4789141199082805,2026-02-04 15:13:45,Target,FL,197.26,0
370,4022366252785154,2026-01-31 15:28:45,BestBuy,FL,170.68,0
371,4471417982700468,2026-01-15 19:10:45,Amazon,FL,565.35,0
372,4697091955795709,2026-01-14 01:13:45,Amazon,TX,416.66,0
373,4508619234965954,2026-02-06 11:18:45,Target,CA,420.92,0
374,4010601748954701,2026-01-10 05:18:45,Walmart,FL,574.38,0
375,4792876889665943,2026-02-01 00:02:45,Target,NJ,961.91,0
376,4721093583785917,2026-02-02 01:31:45,Walmart,TX,1543.41,1
377,4056020117790285,2026-01-15 06:52:45,Target,NJ,295.6,0
378,4604877025093337,2026-01-11 23:51:45,BestBuy,NY,950.31,0
379,4244105624652261,2026-01-18 06:07:45,Amazon,TX,570.38,0
380,4066184445130614,2026-02-06 16:56:45,Walmart,TX,1042.09,0
381,4238192250744284,2026-01-24 10:17:45,BestBuy,FL,1662.3,1
382,4143016192261222,2026-01-30 13:06:45,Walmart,TX,1443.81,0
383,4054172117711515,2026-01-29 19:30:45,BestBuy,NY,554.9,0
384,4757268163945615,2026-01-11 14:06:45,GasStation,NY,215.0,0
385,4684192074323564,2026-01-23 11:04:45,GasStation,NJ,211.57,0
386,4161358387401171,2026-02-05 13:50:45,BestBuy,FL,96.26,0
387,4360156066694179,2026-01-20 04:53:45,Target,CA,1067.11,0
388,4470353418910258,2026-01-27 07:27:45,Amazon,NY,1364.44,0
389,4470920130578144,2026-01-21 00:43:45,Amazon,CA,1559.93,1
390,4671371256101468,2026-01-21 19:08:45,Target,FL,1083.11,0
391,4920210518890623,2026-02-03 03:08:45,Target,NJ,1270.63,0
392,4265106912598795,2026-01-21 20:39:45,BestBuy,NJ,1096.2,0
393,4099102260090619,2026-01-10 10:38:45,Amazon,NY,1839.59,1
394,4443708264094081,2026-01-21 15:37:45,Amazon,CA,263.48,0
395,4010598633578714,2026-01-11 23:54:45,Walmart,CA,1894.82,1
396,4061878592515325,2026-01-19 07:36:45,Walmart,TX,1491.91,0
397,4518714457998956,2026-01-18 21:27:45,BestBuy,NY,690.26,0
398,4945409446057171,2026-01-18 01:14:45,BestBuy,NY,1953.7,1
399,4220614358685039,2026-02-07 08:32:45,BestBuy,TX,1239.28,0
400,4531681303461664,2026-01-10 13:22:45,Target,NJ,1825.34,1
401,4400328665637819,2026-01-17 01:28:45,BestBuy,NY,154.47,0
402,4979833172387357,2026-01-26 17:24:45,BestBuy,NY,547.0,0
403,4713700598575519,2026-01-12 13:54:45,Target,FL,1650.39,1
404,4764434404763113,2026-02-07 06:40:45,BestBuy,TX,1851.55,1
405,4707015554840525,2026-01-25 06:27:45,Target,CA,519.23,0
406,4489815065182460,2026-01-30 10:28:45,BestBuy,NY,1036.54,0
407,4428202777514076,2026-01-09 10:33:45,Walmart,NY,1811.82,1
408,4109333959185702,2026-02-01 15:43:45,BestBuy,NY,579.64,0
409,4528853582556842,2026-01-26 06:51:45,Amazon,NJ,1727.46,1
410,4594858850072181,2026-01-15 01:02:45,GasStation,NJ,1407.93,0
411,4358954681221095,2026-01-13 05:39:45,Amazon,FL,1506.97,1
412,4251061194322403,2026-01-22 18:20:45,Target,TX,1523.04,1
413,4396613740062640,2026-01-24 12:06:45,BestBuy,CA,918.33,0
414,4982134237172029,2026-01-17 16:52:45,Walmart,NJ,145.92,0
415,4437576055037556,2026-01-28 10:13:45,Amazon,NJ,1363.91,0
416,4378132407051641,2026-01-12 09:59:45,GasStation,FL,1509.31,1
417,4050043676615883,2026-01-27 19:25:45,Target,CA,98.99,0
418,4794817909003000,2026-01-09 16:15:45,Walmart,TX,1419.62,0
419,4045630692367633,2026-02-04 05:18:45,Walmart,TX,942.28,0
420,4118346268404791,2026-01-09 04:21:45,Amazon,NJ,1351.54,0
421,4165963903816939,2026-01-29 03:47:45,GasStation,FL,1477.54,0
422,4242875947995764,2026-01-28 16:12:45,BestBuy,TX,830.82,0
423,4015690176535514,2026-02-05 18:03:45,BestBuy,CA,545.59,0
424,4336194948326467,2026-02-05 07:33:45,Target,CA,1325.09,0
425,4478088904239486,2026-02-06 16:32:45,GasStation,FL,1902.91,1
426,4180631306867779,2026-01-14 21:40:45,Target,FL,1299.63,0
427,4250284969776028,2026-02-02 13:08:45,GasStation,CA,1564.41,1
428,4405343984718510,2026-01-15 21:49:45,Walmart,CA,965.36,0
429,4279450409825961,2026-01-10 16:59:45,BestBuy,NJ,924.02,0
430,4779145942516059,2026-01-21 21:25:45,Walmart,NY,900.13,0
431,4201490957501299,2026-01-20 16:50:45,BestBuy,FL,1787.85,1
432,4854796093085823,2026-01-12 06:55:45,Amazon,TX,920.2,0
433,4584252923687564,2026-01-20 11:33:45,Amazon,TX,760.42,0
434,4393206942869419,2026-02-04 01:02:45,BestBuy,TX,1335.17,0
435,4272659426944242,2026-01-22 03:13:45,Walmart,FL,1874.54,1
436,4430959048402446,2026-01-14 18:17:45,BestBuy,CA,1487.21,0
437,4443037108363844,2026-01-26 23:27:45,Amazon,NJ,1817.84,1
438,4553047240827827,2026-02-02 06:03:45,Target,CA,1457.97,0
439,4331090777402231,2026-01-19 19:12:45,Walmart,NY,598.28,0
440,4382230366852305,2026-01-15 12:12:45,GasStation,NY,1092.5,0
441,4616638743956984,2026-01-17 00:26:45,BestBuy,NY,1072.8,0
442,4267237684061587,2026-01-25 10:49:45,GasStation,FL,1862.02,1
443,4543192301142576,2026-01-22 12:36:45,BestBuy,CA,1110.37,0
444,4842462935498058,2026-02-04 13:42:45,GasStation,NJ,1850.47,1
445,4193463343811634,2026-01-24 19:07:45,GasStation,TX,1765.81,1
446,4119714270670938,2026-02-04 11:32:45,BestBuy,NY,1134.42,0
447,4483135116228517,2026-02-04 22:16:45,Walmart,NY,576.75,0
448,4421232663902820,2026-01-29 07:40:45,GasStation,TX,982.94,0
449,4813275036094689,2026-02-01 20:27:45,Target,NY,1338.18,0
450,4891788088272479,2026-02-06 18:57:45,Amazon,CA,966.82,0
451,4227900473986716,2026-02-05 07:49:45,Amazon,NY,339.11,0
452,4780508173546960,2026-01-25 16:38:45,BestBuy,NY,169.59,0
453,4080623018347484,2026-02-02 15:39:45,Amazon,TX,1613.95,1
454,4097230508132717,2026-01-26 15:52:45,Walmart,TX,1894.03,1
455,4975920324646816,2026-01-28 18:51:45,GasStation,CA,227.63,0
456,4039324385142339,2026-01-30 00:53:45,GasStation,CA,1872.01,1
457,4013180013508304,2026-02-06 11:00:45,Walmart,NY,129.01,0
458,4140017508588383,2026-01-19 04:44:45,Target,NY,1013.36,0
459,4637683392195100,2026-01-17 08:12:45,BestBuy,TX,1659.53,1
460,4172451075272797,2026-01-26 21:38:45,BestBuy,NJ,604.96,0
461,4084991248717281,2026-01-30 14:49:45,BestBuy,FL,1540.49,1
462,4091812138588922,2026-01-16 19:35:45,Amazon,FL,487.66,0
463,4103487898561556,2026-01-19 21:28:45,Target,CA,1384.99,0
464,4199774107573767,2026-02-01 05:38:45,GasStation,NY,1439.71,0
465,4561661591529043,2026-01-15 00:45:45,Target,TX,1685.28,1
466,4938394431244110,2026-01-21 15:48:45,Amazon,CA,1987.15,1
467,4239137054530931,2026-02-01 14:24:45,BestBuy,NY,1759.85,1
468,4365988212744892,2026-01-12 22:31:45,Amazon,NJ,599.76,0
469,4462938796970732,2026-01-31 22:53:45,Amazon,NY,1567.82,1
470,4706523085163587,2026-01-09 08:56:45,Walmart,NY,1178.34,0
471,4572334418699496,2026-01-27 11:39:45,Amazon,NJ,590.32,0
472,4822932944683764,2026-01-18 16:52:45,Walmart,NY,468.73,0
473,4066463738050587,2026-01-23 14:19:45,Amazon,NJ,40.52,0
474,4097515629798794,2026-01-09 11:24:45,Walmart,CA,946.39,0
475,4572755518297616,2026-01-31 05:41:45,Walmart,FL,138.32,0
476,4609057955224045,2026-01-25 20:59:45,Target,TX,1193.25,0
477,4432501606401628,2026-02-04 01:31:45,Amazon,NJ,1828.74,1
478,4110419460194515,2026-01-14 01:10:45,Amazon,FL,946.96,0
479,4093541089936258,2026-01-22 22:41:45,BestBuy,TX,1889.37,1
480,4203523780977700,2026-02-01 12:51:45,Walmart,FL,1321.89,0
481,4890470867640921,2026-01-15 23:49:45,Walmart,FL,707.75,0
482,4922150392681092,2026-01-14 16:24:45,Walmart,NJ,1127.44,0
483,4111937183360478,2026-01-11 19:57:45,Walmart,CA,1073.86,0
484,4269652808726928,2026-01-16 16:22:45,GasStation,NJ,455.46,0
485,4800649091216712,2026-01-08 21:28:45,Target,NJ,1914.81,1
486,4837404866033668,2026-01-30 07:47:45,Walmart,FL,1802.92,1
487,4297040074390558,2026-01-11 20:01:45,BestBuy,CA,413.1,0
488,4719034893299331,2026-02-01 01:31:45,Walmart,CA,1280.63,0
489,4564533410392721,2026-01-24 20:13:45,BestBuy,NJ,1359.57,0
490,4057388855991431,2026-01-23 17:26:45,GasStation,TX,1458.45,0
491,4042501125803885,2026-02-02 23:03:45,Walmart,TX,1874.5,1
492,4170634590987406,2026-02-05 09:31:45,Amazon,CA,788.96,0
493,4790321430262269,2026-01-23 19:17:45,Amazon,CA,1814.48,1
494,4020209874124086,2026-01-31 08:23:45,Walmart,FL,285.04,0
495,4565399194328312,2026-01-11 17:08:45,Amazon,NY,591.27,0
496,4667688515282315,2026-01-23 18:56:45,Amazon,TX,28.3,0
497,4570579302319629,2026-02-01 15:30:45,Amazon,NJ,1387.37,0
498,4110780847077716,2026-01-25 20:25:45,Target,CA,1329.99,0
499,4107458746995525,2026-02-02 13:54:45,Amazon,CA,46.32,0
500,4989839090563512,2026-02-02 23:27:45,BestBuy,FL,1047.36,0
501,4951482763042766,2026-01-12 09:38:45,Target,TX,1320.67,0
502,4144792560019998,2026-01-29 16:15:45,GasStation,TX,1535.39,1
503,4533920923353946,2026-01-31 11:26:45,Walmart,NJ,1141.74,0
504,4571524761987438,2026-01-19 03:24:45,Walmart,CA,1224.26,0
505,4180527902605487,2026-01-18 01:08:45,Walmart,NJ,992.46,0
506,4517109554005869,2026-01-30 09:30:45,GasStation,FL,563.29,0
507,4045574445442922,2026-01-13 14:19:45,GasStation,NY,873.15,0
508,4344702252029163,2026-01-20 20:13:45,GasStation,NJ,3.45,0
509,4135163507742508,2026-01-29 10:04:45,Target,TX,341.28,0
510,4634089693261764,2026-02-04 21:19:45,Walmart,NY,663.89,0
511,4872015142162196,2026-01-15 08:18:45,BestBuy,TX,833.57,0
512,4370962261178693,2026-01-13 16:14:45,Amazon,TX,1188.32,0
513,4240624178227259,2026-01-13 09:20:45,GasStation,TX,1336.66,0
514,4882951902459107,2026-02-02 05:44:45,Target,TX,505.61,0
515,4754788411786776,2026-01-26 01:14:45,Target,TX,410.5,0
516,4943335698168716,2026-01-15 06:34:45,BestBuy,CA,767.49,0
517,4072941969683609,2026-01-19 22:22:45,Amazon,FL,1291.1,0
518,4137430372805307,2026-01-21 01:54:45,Target,TX,1279.0,0
519,4547719428198744,2026-01-14 06:10:45,Target,NY,664.62,0
520,4621766704917361,2026-01-11 18:50:45,BestBuy,CA,1210.85,0
521,4963662578952109,2026-01-23 05:51:45,Walmart,CA,376.39,0
522,4662435862407172,2026-01-21 17:27:45,GasStation,NY,1127.41,0
523,4132863546168489,2026-02-03 22:00:45,Target,TX,1053.31,0
524,4040424188854525,2026-01-31 00:45:45,Amazon,CA,244.94,0
525,4136541598813801,2026-01-09 19:15:45,Amazon,NJ,681.87,0
526,4313057706804098,2026-02-03 05:42:45,Amazon,FL,288.11,0
527,4082905006380094,2026-01-16 22:04:45,Amazon,CA,1373.87,0
528,4083679411467162,2026-01-16 16:45:45,Amazon,TX,1998.17,1
529,4933171661739986,2026-01-31 06:18:45,Target,CA,268.89,0
530,4473612233949358,2026-01-20 23:46:45,Target,NJ,866.85,0
531,4587657781203988,2026-01-16 19:24:45,Walmart,CA,1779.4,1
532,4386513004355691,2026-01-27 13:55:45,GasStation,FL,1620.09,1
533,4353197057322260,2026-01-08 13:38:45,Target,FL,125.25,0
534,4146086028375262,2026-01-26 11:15:45,Target,NJ,1100.72,0
535,4331119867470714,2026-01-13 21:49:45,Amazon,NY,184.7,0
536,4962027309905792,2026-01-15 02:32:45,Walmart,TX,1123.84,0
537,4633982317473012,2026-01-30 23:21:45,Target,NJ,1722.51,1
538,4666616369477497,2026-02-03 15:37:45,BestBuy,FL,784.27,0
539,4468211719811210,2026-02-03 22:33:45,Walmart,TX,695.0,0
540,4903199049386510,2026-01-11 14:27:45,Target,CA,1256.39,0
541,4722168689854379,2026-01-28 20:48:45,Target,NY,1302.63,0
542,4442854454410119,2026-01-17 22:11:45,Walmart,NJ,458.82,0
543,4053185390698035,2026-01-20 15:29:45,Target,CA,1335.8,0
544,4529457223816669,2026-01-23 06:58:45,BestBuy,TX,1193.57,0
545,4902703331798597,2026-01-28 21:18:45,Walmart,FL,293.55,0
546,4900303554209531,2026-01-15 05:25:45,GasStation,NY,348.37,0
547,4145381014895311,2026-01-27 02:57:45,GasStation,NY,1791.36,1
548,4454434123732353,2026-02-05 09:57:45,Target,NY,153.97,0
549,4316261555676514,2026-01-16 13:37:45,Amazon,TX,924.26,0
550,4085020514571764,2026-01-15 21:28:45,BestBuy,FL,1036.45,0
551,4027576181976942,2026-01-08 18:24:45,Amazon,NY,1337.18,0
552,4914506853071305,2026-01-28 01:28:45,BestBuy,TX,1716.04,1
553,4739480389702424,2026-01-25 22:22:45,BestBuy,CA,1468.91,0
554,4473298601071670,2026-01-19 12:01:45,Target,NY,850.92,0
555,4167031926684536,2026-02-03 07:16:45,Target,TX,777.3,0
556,4315594426655148,2026-01-22 11:07:45,Target,TX,385.98,0
557,4559431914331625,2026-01-18 23:51:45,Target,FL,382.47,0
558,4912869744730338,2026-01-13 04:59:45,BestBuy,NJ,908.98,0
559,4613277440923929,2026-01-12 23:30:45,BestBuy,TX,1883.29,1
560,4497045458943106,2026-02-06 10:05:45,Amazon,TX,1350.47,0
561,4939015619395136,2026-02-02 10:33:45,Target,NJ,1434.56,0
562,4988409239839526,2026-01-20 07:29:45,Target,TX,89.84,0
563,4827857067836588,2026-02-07 00:33:45,Walmart,NY,449.4,0
564,4267165897497697,2026-01-24 15:38:45,Amazon,TX,582.11,0
565,4447540387582240,2026-01-28 00:48:45,Amazon,TX,694.86,0
566,4737200698987509,2026-01-19 02:49:45,BestBuy,NJ,1792.83,1
567,4582227987010329,2026-01-26 19:56:45,GasStation,FL,1135.09,0
568,4597687442600393,2026-01-13 06:36:45,Amazon,NY,1361.93,0
569,4984176645080302,2026-01-19 07:56:45,Amazon,TX,582.24,0
570,4606109787950441,2026-01-23 15:41:45,Amazon,NY,506.05,0
571,4627658140329132,2026-02-05 22:59:45,GasStation,TX,436.7,0
572,4658839654214220,2026-01-14 12:31:45,Amazon,CA,1641.0,1
573,4324037755421038,2026-01-29 12:28:45,Walmart,NY,366.56,0
574,4952777328443958,2026-01-19 07:17:45,Walmart,FL,778.58,0
575,4656620972001400,2026-01-26 02:08:45,BestBuy,FL,1455.4,0
576,4989102575072562,2026-01-28 04:35:45,GasStation,CA,1695.59,1
577,4599625419857256,2026-01-17 07:33:45,Walmart,TX,1265.21,0
578,4663309555417863,2026-01-25 08:19:45,Amazon,FL,487.07,0
579,4444480888806767,2026-01-11 03:17:45,Amazon,CA,1119.11,0
580,4302508078348922,2026-02-01 13:32:45,Walmart,FL,418.07,0
581,4135845633275324,2026-01-22 19:48:45,BestBuy,CA,51.69,0
582,4543723175850784,2026-01-21 16:42:45,GasStation,FL,965.1,0
583,4523248848497562,2026-01-19 22:40:45,GasStation,CA,820.51,0
584,4191716619493301,2026-01-30 19:35:45,Walmart,NY,88.73,0
585,4285749046394767,2026-01-15 00:31:45,BestBuy,CA,1871.41,1
586,4797878847866416,2026-02-06 06:18:45,Walmart,NJ,959.23,0
587,4820277090578890,2026-01-31 03:27:45,Amazon,FL,1245.9,0
588,4659096298875808,2026-02-02 02:33:45,Target,NJ,1096.36,0
589,4876921536850139,2026-01-11 19:16:45,Target,NJ,1333.85,0
590,4932365371437960,2026-01-19 21:28:45,GasStation,NJ,1098.96,0
591,4152742669104657,2026-02-05 07:08:45,GasStation,CA,1888.77,1
592,4544616646089023,2026-01-23 08:20:45,GasStation,CA,97.08,0
593,4044775859072904,2026-02-04 11:13:45,BestBuy,FL,57.48,0
594,4927412337811172,2026-01-24 10:19:45,BestBuy,TX,796.19,0
595,4546806922773056,2026-01-18 18:46:45,BestBuy,CA,1149.58,0
596,4484359971614995,2026-02-04 21:57:45,Walmart,NJ,1407.47,0
597,4177973164619252,2026-01-22 16:34:45,GasStation,NJ,1557.73,1
598,4127918423530453,2026-01-16 05:40:45,Target,TX,880.12,0
599,4025970358575316,2026-01-31 04:15:45,Target,NJ,1221.36,0
600,4664545523324986,2026-01-13 22:20:45,Target,FL,1820.38,1
601,4371312159280723,2026-02-01 11:31:45,Walmart,CA,958.26,0
602,4482468119071555,2026-01-20 18:32:45,Walmart,NY,862.88,0
603,4748284563508148,2026-02-07 07:42:45,GasStation,NJ,533.85,0
604,4892725370322323,2026-01-19 09:25:45,Walmart,NJ,1686.05,1
605,4720514809649555,2026-01-21 13:55:45,Target,NY,443.18,0
606,4980031362585851,2026-01-20 00:26:45,BestBuy,NJ,1157.28,0
607,4363022131119803,2026-01-27 15:17:45,Amazon,NJ,1275.92,0
608,4121690381485385,2026-01-19 16:20:45,Target,TX,1416.27,0
609,4408635945203502,2026-01-31 10:48:45,Amazon,TX,1349.45,0
610,4190028126319823,2026-01-08 21:11:45,Walmart,NY,1783.37,1
611,4884808846640055,2026-02-05 15:07:45,GasStation,FL,1563.45,1
612,4685942764277421,2026-01-28 02:09:45,Target,NJ,1081.66,0
613,4341934079198189,2026-02-05 20:45:45,Amazon,TX,1224.06,0
614,4034603864278116,2026-01-24 18:52:45,BestBuy,FL,695.48,0
615,4662125922353781,2026-01-25 06:15:45,BestBuy,TX,1690.89,1
616,4970540228142323,2026-01-18 06:52:45,Target,TX,271.4,0
617,4969936277031390,2026-01-20 00:04:45,BestBuy,NY,39.32,0
618,4442183743268363,2026-01-30 16:37:45,Walmart,NY,700.45,0
619,4546909511574120,2026-02-03 03:39:45,BestBuy,NY,444.64,0
620,4774769779142664,2026-01-15 18:36:45,Walmart,CA,960.41,0
621,4355464320724682,2026-01-17 14:07:45,Walmart,TX,1229.66,0
622,4525410496640531,2026-01-08 16:34:45,GasStation,FL,1601.82,1
623,4786499185846582,2026-01-31 00:12:45,GasStation,CA,1881.04,1
624,4177408333560927,2026-01-24 11:50:45,BestBuy,NY,1915.61,1
625,4890287677246323,2026-01-25 17:28:45,Target,TX,332.72,0
626,4868057967992142,2026-01-12 20:21:45,Target,FL,1417.14,0
627,4576579233123782,2026-02-03 04:46:45,Walmart,FL,1794.2,1
628,4597096730938613,2026-02-01 00:10:45,GasStation,CA,720.17,0
629,4734934763612611,2026-01-13 04:26:45,Target,NJ,178.8,0
630,4414954570561275,2026-01-12 16:57:45,Amazon,TX,1857.21,1
631,4486557769020546,2026-01-11 10:33:45,Target,TX,217.13,0
632,4983284767937035,2026-01-23 23:23:45,Target,NY,394.41,0
633,4910501148826880,2026-01-12 10:40:45,BestBuy,NJ,109.07,0
634,4153733450740491,2026-02-06 09:03:45,BestBuy,NY,400.69,0
635,4933950154865884,2026-01-23 06:06:45,GasStation,NJ,1961.51,1
636,4604870846785349,2026-01-09 13:29:45,Target,NY,1838.74,1
637,4408896446601651,2026-01-28 06:35:45,GasStation,NY,1040.38,0
638,4121605935731039,2026-01-12 08:54:45,Amazon,CA,1661.78,1
639,4613066699741394,2026-01-14 00:02:45,Target,NJ,1964.81,1
640,4831505602928862,2026-01-25 19:39:45,GasStation,NY,1876.15,1
641,4998094707072671,2026-01-29 02:19:45,Target,NY,938.1,0
642,4425463367961383,2026-01-09 08:03:45,GasStation,FL,87.3,0
643,4831312915742626,2026-02-06 03:50:45,Amazon,TX,1920.2,1
644,4154871987982899,2026-01-27 21:30:45,GasStation,NY,41.73,0
645,4972199180621243,2026-02-06 17:33:45,BestBuy,TX,47.0,0
646,4637460366066676,2026-01-10 05:21:45,Walmart,CA,546.58,0
647,4363731359814249,2026-02-02 04:55:45,BestBuy,FL,785.22,0
648,4674294970905510,2026-01-24 09:31:45,BestBuy,CA,1847.74,1
649,4683477791470876,2026-01-15 14:43:45,Walmart,CA,1778.18,1
650,4625700414716857,2026-01-20 01:10:45,Target,TX,914.89,0
651,4977465542840755,2026-01-26 18:07:45,Target,TX,1598.18,1
652,4494837778954878,2026-01-30 20:07:45,GasStation,NJ,934.94,0
653,4655320815513879,2026-02-04 19:07:45,GasStation,NJ,1360.84,0
654,4152489997428230,2026-01-21 07:40:45,Amazon,NJ,343.64,0
655,4711392304084993,2026-02-01 05:27:45,Walmart,CA,839.65,0
656,4250556537559070,2026-01-23 21:26:45,Walmart,TX,1127.03,0
657,4631045880433410,2026-01-15 21:20:45,Amazon,NJ,1048.2,0
658,4269486234158295,2026-01-12 11:45:45,Amazon,CA,350.22,0
659,4315417772037892,2026-02-07 06:37:45,Walmart,NJ,1362.16,0
660,4986631128173768,2026-01-21 13:32:45,BestBuy,TX,1416.93,0
661,4392727142411113,2026-02-03 21:00:45,BestBuy,NY,55.87,0
662,4055438281794503,2026-02-03 16:44:45,BestBuy,FL,1216.11,0
663,4686400326041400,2026-01-15 11:44:45,Amazon,CA,592.17,0
664,4299361763496017,2026-01-27 16:30:45,BestBuy,FL,1384.33,0
665,4275232434695909,2026-01-14 19:21:45,Amazon,TX,1341.79,0
666,4770501994760265,2026-02-07 07:19:45,Walmart,CA,1003.78,0
667,4395266600997210,2026-01-28 10:14:45,Walmart,FL,963.14,0
668,4252088570668029,2026-01-31 18:08:45,Walmart,TX,1487.04,0
669,4301266770214949,2026-01-26 13:26:45,BestBuy,FL,325.49,0
670,4280544814430186,2026-01-29 11:08:45,GasStation,TX,1971.21,1
671,4428912791009124,2026-01-09 05:32:45,Walmart,NY,999.14,0
672,4639402028614469,2026-02-03 03:06:45,Walmart,NJ,655.1,0
673,4930667880218313,2026-02-06 15:47:45,Amazon,NJ,1707.39,1
674,4171588532122596,2026-01-31 03:25:45,GasStation,FL,692.8,0
675,4501596750170045,2026-01-11 10:35:45,GasStation,FL,1501.08,1
676,4564883174342214,2026-01-10 00:59:45,BestBuy,TX,918.67,0
677,4818082455212123,2026-02-07 07:07:45,Amazon,NY,386.5,0
678,4411568616133675,2026-02-03 18:06:45,BestBuy,CA,1856.61,1
679,4888766355534968,2026-01-11 13:25:45,BestBuy,NJ,178.57,0
680,4604242325847023,2026-01-17 12:24:45,Amazon,TX,1597.98,1
681,4333445998171931,2026-01-14 23:43:45,BestBuy,TX,1236.72,0
682,4603802073487505,2026-01-24 16:49:45,Amazon,NY,970.13,0
683,4851049960501830,2026-01-18 07:56:45,Amazon,TX,1921.73,1
684,4543181291749278,2026-02-02 00:30:45,Amazon,TX,470.73,0
685,4154746521343971,2026-02-02 10:22:45,Amazon,NY,1169.34,0
686,4740711327567866,2026-01-11 22:51:45,GasStation,NJ,949.07,0
687,4731245130256724,2026-01-17 15:30:45,BestBuy,CA,1660.7,1
688,4476534546506615,2026-02-05 08:42:45,BestBuy,FL,1978.4,1
689,4087100155899747,2026-01-29 00:00:45,GasStation,NY,747.37,0
690,4131079625926095,2026-01-15 09:25:45,Walmart,TX,1298.36,0
691,4590744803849229,2026-01-09 10:00:45,BestBuy,FL,183.64,0
692,4023067013046425,2026-01-21 16:00:45,GasStation,CA,1997.18,1
693,4600304585779238,2026-01-28 07:42:45,Amazon,CA,800.99,0
694,4609924028725533,2026-01-09 12:48:45,BestBuy,TX,87.87,0
695,4406477302289159,2026-01-20 01:59:45,BestBuy,NJ,81.25,0
696,4311418497224577,2026-01-17 15:54:45,Amazon,FL,1968.55,1
697,4972243217333890,2026-01-14 06:10:45,GasStation,FL,553.21,0
698,4814345769159021,2026-01-20 15:46:45,GasStation,CA,1585.43,1
699,4962018960297870,2026-01-29 16:58:45,GasStation,TX,560.12,0
700,4911654600961630,2026-01-13 14:05:45,Target,NJ,1925.48,1
701,4550638755487873,2026-01-22 22:48:45,BestBuy,FL,911.62,0
702,4835715328545186,2026-02-02 03:44:45,GasStation,TX,1088.95,0
703,4458357688746606,2026-02-04 22:48:45,Walmart,CA,548.8,0
704,4880159349065677,2026-01-11 03:51:45,BestBuy,FL,465.3,0
705,4532926504008203,2026-01-13 12:19:45,Target,TX,1711.44,1
706,4849400447236039,2026-01-27 02:15:45,GasStation,FL,317.45,0
707,4846504419185160,2026-01-23 00:45:45,Walmart,FL,564.84,0
708,4831503366878043,2026-02-03 01:10:45,Walmart,FL,110.06,0
709,4955037503990707,2026-01-25 22:01:45,Target,TX,65.74,0
710,4835959760543944,2026-02-02 01:59:45,Walmart,FL,1699.52,1
711,4985807334171942,2026-01-08 22:45:45,BestBuy,TX,84.92,0
712,4399640507588671,2026-01-21 16:54:45,Amazon,CA,621.72,0
713,4775624898119389,2026-01-23 01:01:45,BestBuy,TX,1731.58,1
714,4497185235895712,2026-02-03 07:54:45,Target,NJ,951.26,0
715,4982834814239144,2026-01-13 19:37:45,Walmart,NY,1651.38,1
716,4474395774450379,2026-01-27 15:02:45,Target,NY,1075.63,0
717,4153086331699919,2026-01-29 01:14:45,BestBuy,NY,24.74,0
718,4238339391762269,2026-01-09 22:58:45,GasStation,FL,1400.23,0
719,4724845477157370,2026-01-20 18:39:45,Walmart,TX,1256.14,0
720,4241650699776532,2026-01-27 20:52:45,GasStation,CA,1264.34,0
721,4208356520823078,2026-02-03 16:25:45,Target,NJ,1494.05,0
722,4233033176336596,2026-01-18 06:11:45,Walmart,FL,1625.18,1
723,4432323852900377,2026-01-13 12:51:45,Amazon,FL,1265.28,0
724,4782733905879531,2026-01-08 15:21:45,Walmart,NJ,1080.76,0
725,4825969746966169,2026-01-26 13:38:45,GasStation,TX,192.28,0
726,4254934208833446,2026-02-01 02:17:45,Target,NJ,1773.97,1
727,4494363280068856,2026-02-03 08:01:45,BestBuy,CA,1658.33,1
728,4937975366841328,2026-01-21 13:21:45,GasStation,NJ,1735.4,1
729,4807797156961830,2026-01-27 23:25:45,Walmart,NJ,108.84,0
730,4093265386215011,2026-01-29 16:06:45,Target,FL,531.92,0
731,4380742459436665,2026-02-05 15:43:45,Amazon,TX,1860.5,1
732,4370755670390813,2026-01-16 01:08:45,Amazon,FL,270.71,0
733,4006001897674167,2026-01-30 16:07:45,GasStation,NY,378.23,0
734,4956109091261102,2026-01-18 03:36:45,BestBuy,NY,685.64,0
735,4741653072656685,2026-01-21 12:56:45,Amazon,TX,31.68,0
736,4513121773845313,2026-01-15 20:36:45,Amazon,FL,1053.22,0
737,4831351031355913,2026-01-18 11:11:45,Walmart,TX,572.24,0
738,4593005152453957,2026-01-10 19:51:45,Target,NJ,1573.61,1
739,4090861236500722,2026-02-05 13:21:45,Walmart,CA,1287.22,0
740,4985466504593786,2026-01-20 06:58:45,BestBuy,CA,526.41,0
741,4776679127985069,2026-01-12 15:56:45,BestBuy,CA,26.72,0
742,4769228463423533,2026-02-04 07:59:45,BestBuy,NJ,977.52,0
743,4635660194147517,2026-01-12 06:20:45,Amazon,TX,667.44,0
744,4486078174150820,2026-01-09 18:35:45,GasStation,NJ,36.84,0
745,4688991371999269,2026-01-28 01:35:45,Target,TX,1441.21,0
746,4828338195489747,2026-01-22 04:05:45,Amazon,NJ,110.83,0
747,4766714279527439,2026-01-31 10:31:45,GasStation,FL,369.84,0
748,4288628744154004,2026-01-21 02:42:45,Amazon,FL,327.75,0
749,4452775260500807,2026-02-03 02:28:45,Walmart,FL,1226.32,0
750,4063862841331237,2026-02-01 17:58:45,GasStation,NJ,1818.89,1
751,4586589243156374,2026-01-10 15:31:45,GasStation,TX,307.43,0
752,4785827380620787,2026-01-24 07:05:45,Amazon,NJ,1253.55,0
753,4356285095789089,2026-01-13 03:28:45,GasStation,NJ,245.14,0
754,4458955734455867,2026-02-04 21:05:45,GasStation,TX,708.25,0
755,4255578896815042,2026-02-02 01:53:45,Amazon,FL,1659.51,1
756,4816344909934410,2026-01-10 07:39:45,Amazon,TX,121.83,0
757,4655975994048220,2026-01-14 14:53:45,Amazon,TX,1199.97,0
758,4565033250749713,2026-01-09 10:37:45,Amazon,CA,165.14,0
759,4219910604070168,2026-01-24 03:48:45,BestBuy,NJ,1935.63,1
760,4322405567146072,2026-01-12 09:43:45,GasStation,FL,291.17,0
761,4045368664591479,2026-01-22 05:04:45,Walmart,NJ,1084.19,0
762,4194174311263227,2026-01-26 00:05:45,BestBuy,FL,1902.48,1
763,4897455660259290,2026-02-06 10:49:45,GasStation,NJ,154.41,0
764,4641717394320679,2026-02-02 02:34:45,Amazon,TX,1313.43,0
765,4796276022827137,2026-01-19 13:41:45,Amazon,NJ,1508.35,1
766,4559673570550254,2026-01-10 06:13:45,Amazon,CA,1078.67,0
767,4700976482635173,2026-01-31 03:45:45,Target,TX,1826.35,1
768,4046117517033217,2026-01-31 06:14:45,Walmart,NJ,916.97,0
769,4054742287665257,2026-02-05 17:15:45,GasStation,FL,1772.59,1
770,4175734911227454,2026-01-13 13:52:45,BestBuy,NY,960.77,0
771,4434371159256687,2026-01-16 20:42:45,Amazon,NJ,274.06,0
772,4028762131871583,2026-02-01 16:32:45,Target,CA,1034.35,0
773,4032838835342516,2026-01-09 00:08:45,Amazon,NJ,1974.15,1
774,4428872644608106,2026-01-26 19:54:45,Target,NJ,902.31,0
775,4893370751416339,2026-01-19 06:52:45,BestBuy,NY,1763.95,1
776,4012089476518110,2026-01-31 08:09:45,Amazon,FL,246.8,0
777,4891602555149082,2026-01-19 17:31:45,BestBuy,TX,940.33,0
778,4265040857992042,2026-01-24 22:14:45,BestBuy,NJ,573.98,0
779,4713116144795828,2026-01-29 16:28:45,Target,TX,1617.1,1
780,4222198820912532,2026-02-05 09:10:45,Amazon,NY,1326.25,0
781,4820245490712476,2026-02-02 14:07:45,Walmart,CA,1239.14,0
782,4949591336828634,2026-01-16 17:15:45,Walmart,NJ,387.41,0
783,4139779967197349,2026-01-29 17:54:45,BestBuy,CA,1688.83,1
784,4245661394665169,2026-01-22 14:05:45,Walmart,FL,1946.14,1
785,4902034150464313,2026-01-26 06:34:45,Amazon,TX,814.52,0
786,4700502494552881,2026-01-26 10:10:45,Target,NJ,1303.52,0
787,4955069693646153,2026-02-04 13:26:45,Amazon,CA,864.23,0
788,4467935904078347,2026-01-25 07:07:45,Walmart,NY,1320.49,0
789,4647035859879010,2026-01-08 12:02:45,Walmart,CA,997.87,0
790,4064432684500397,2026-02-03 07:42:45,BestBuy,NY,27.09,0
791,4478587821756374,2026-01-30 20:19:45,Target,CA,966.01,0
792,4076190696395238,2026-01-13 06:58:45,GasStation,TX,1934.95,1
793,4754733560213157,2026-01-19 00:46:45,Target,TX,855.11,0
794,4892414093094798,2026-01-22 10:45:45,BestBuy,CA,397.69,0
795,4625549885365111,2026-01-09 15:39:45,BestBuy,NJ,788.59,0
796,4403013817732009,2026-02-05 20:50:45,Walmart,NY,330.14,0
797,4543171445958144,2026-01-12 01:43:45,Amazon,CA,1263.07,0
798,4416675324201743,2026-01-30 08:46:45,Amazon,FL,842.64,0
799,4852558910441044,2026-01-08 20:23:45,GasStation,FL,1156.63,0
800,4072659858259339,2026-01-27 12:16:45,BestBuy,NJ,1842.51,1
801,4203038519412614,2026-01-31 17:15:45,GasStation,CA,1057.66,0
802,4268296373429721,2026-01-24 02:14:45,Target,FL,1353.31,0
803,4412670093630533,2026-02-02 05:49:45,Walmart,FL,1603.41,1
804,4091465131651466,2026-01-12 01:26:45,Target,FL,587.83,0
805,4371526448323071,2026-01-24 02:56:45,GasStation,CA,1498.27,0
806,4890164163738369,2026-01-22 21:34:45,Walmart,NY,858.34,0
807,4327891629100090,2026-01-19 02:02:45,GasStation,CA,1526.9,1
808,4774050234863140,2026-01-10 04:37:45,Walmart,FL,778.19,0
809,4597889575954871,2026-01-30 11:00:45,GasStation,NY,1590.56,1
810,4070895648416098,2026-01-14 06:41:45,GasStation,TX,1306.2,0
811,4521969210810178,2026-01-31 02:20:45,GasStation,CA,798.58,0
812,4213995672729351,2026-01-12 10:15:45,Amazon,NJ,598.18,0
813,4825739558232840,2026-01-31 17:04:45,Walmart,NY,1145.49,0
814,4679784336389174,2026-01-30 04:04:45,Walmart,CA,396.88,0
815,4522584626638857,2026-01-20 22:09:45,BestBuy,TX,559.02,0
816,4060765532804086,2026-01-21 20:51:45,GasStation,CA,1646.89,1
817,4640950339489758,2026-01-11 09:14:45,Target,NJ,1450.76,0
818,4844038908514736,2026-01-17 19:06:45,Target,FL,922.66,0
819,4408123295053736,2026-01-22 17:11:45,Amazon,CA,1265.75,0
820,4244586053031269,2026-02-06 10:52:45,BestBuy,NY,1731.62,1
821,4432735960725799,2026-01-19 21:10:45,Target,FL,941.05,0
822,4048127780318885,2026-01-24 23:44:45,Target,FL,187.54,0
823,4342474774513063,2026-02-05 19:13:45,Target,NY,465.26,0
824,4260457694226260,2026-01-17 11:17:45,BestBuy,NY,413.81,0
825,4852465792681808,2026-01-31 03:07:45,BestBuy,TX,1034.37,0
826,4018301154545004,2026-01-21 04:09:45,BestBuy,FL,68.83,0
827,4198834894906303,2026-02-05 13:13:45,Amazon,FL,1846.68,1
828,4866058188505979,2026-01-24 13:04:45,Target,NY,1822.24,1
829,4702955275643665,2026-02-01 21:52:45,BestBuy,TX,1471.65,0
830,4897594160808914,2026-02-05 19:33:45,Target,CA,1050.37,0
831,4741468794394578,2026-01-24 04:15:45,GasStation,NY,1127.79,0
832,4922429205597587,2026-01-28 01:12:45,Target,NJ,1266.29,0
833,4182538897445614,2026-01-26 11:16:45,Target,TX,1924.41,1
834,4528950012683192,2026-01-20 21:33:45,BestBuy,NY,8.44,0
835,4418535710577605,2026-01-29 23:09:45,BestBuy,NJ,1420.74,0
836,4389346861871308,2026-02-06 00:55:45,Target,CA,55.75,0
837,4884798070945720,2026-01-18 08:25:45,BestBuy,CA,1663.9,1
838,4604551054299589,2026-01-10 19:40:45,BestBuy,TX,646.81,0
839,4559405063999779,2026-01-31 21:14:45,Target,FL,974.52,0
840,4629355412791469,2026-01-16 15:47:45,Amazon,NJ,1687.55,1
841,4117357545936270,2026-02-04 16:47:45,Walmart,NJ,1783.75,1
842,4762889900140907,2026-01-17 10:03:45,GasStation,CA,1334.35,0
843,4190827116366489,2026-01-31 21:30:45,Amazon,TX,1368.04,0
844,4547661600370037,2026-01-19 03:04:45,Amazon,TX,1437.95,0
845,4562029797709794,2026-01-24 22:35:45,Target,FL,1331.34,0
846,4223310895714833,2026-01-24 08:06:45,Walmart,NJ,1436.07,0
847,4546645715188551,2026-02-02 20:50:45,BestBuy,NJ,1103.31,0
848,4243391236538939,2026-02-05 22:57:45,BestBuy,TX,857.39,0
849,4523505195650502,2026-01-12 12:04:45,Amazon,CA,1007.04,0
850,4339335705827738,2026-01-11 00:13:45,BestBuy,TX,209.65,0
851,4888621931777094,2026-01-28 06:47:45,BestBuy,FL,1624.07,1
852,4736919493630486,2026-01-31 17:38:45,Walmart,TX,562.45,0
853,4583857914205446,2026-01-10 17:49:45,Amazon,NJ,527.97,0
854,4172565137630961,2026-01-23 11:36:45,Walmart,NY,594.13,0
855,4458913542344463,2026-01-17 07:32:45,Target,NY,1448.72,0
856,4605796805657078,2026-02-06 03:15:45,Amazon,TX,729.63,0
857,4333840571478556,2026-02-06 16:27:45,Target,NY,767.24,0
858,4280704524871729,2026-01-09 08:53:45,BestBuy,TX,1800.61,1
859,4209740673048319,2026-01-16 02:32:45,BestBuy,TX,606.54,0
860,4567774964468945,2026-01-13 08:25:45,Target,CA,1219.0,0
861,4537124051345441,2026-01-10 01:42:45,Walmart,FL,257.88,0
862,4865548711002525,2026-01-13 12:15:45,GasStation,NY,1150.86,0
863,4599052260641237,2026-01-31 15:07:45,Target,NY,1939.6,1
864,4925036659509308,2026-01-30 22:25:45,Walmart,NY,1449.85,0
865,4007533050315054,2026-01-10 18:32:45,BestBuy,FL,1227.7,0
866,4025720876143513,2026-01-20 01:45:45,GasStation,TX,1069.65,0
867,4883253391721889,2026-01-13 18:54:45,Amazon,NJ,1059.04,0
868,4482267464199522,2026-01-16 01:59:45,Walmart,NY,746.56,0
869,4158530216121739,2026-01-31 05:27:45,Walmart,FL,89.36,0
870,4437590778613961,2026-01-10 01:15:45,Target,CA,113.66,0
871,4394302352691915,2026-02-03 19:12:45,GasStation,FL,1459.57,0
872,4897877956663170,2026-01-11 18:31:45,BestBuy,CA,1540.45,1
873,4494691630156234,2026-01-10 08:46:45,Amazon,CA,33.32,0
874,4475989182050528,2026-01-29 04:22:45,Amazon,NJ,1226.3,0
875,4658148329524966,2026-01-20 19:07:45,Target,FL,315.09,0
876,4169554039283904,2026-01-24 01:18:45,GasStation,FL,1704.91,1
877,4742044176951541,2026-02-03 07:48:45,Amazon,TX,397.21,0
878,4760840934186311,2026-02-04 23:17:45,Walmart,TX,1707.59,1
879,4528349489171965,2026-01-24 19:22:45,Walmart,NJ,956.28,0
880,4011332864948980,2026-02-05 23:21:45,Target,FL,491.16,0
881,4202627917574143,2026-01-28 02:21:45,GasStation,TX,714.87,0
882,4850295147784199,2026-01-14 04:31:45,BestBuy,FL,1330.21,0
883,4890947174543730,2026-01-11 02:35:45,Target,FL,592.38,0
884,4590388293971045,2026-01-18 14:26:45,Amazon,TX,668.36,0
885,4722605755708863,2026-02-02 14:19:45,BestBuy,NJ,334.76,0
886,4315841768104594,2026-01-10 15:22:45,Amazon,CA,259.78,0
887,4796815890317899,2026-02-06 03:26:45,Amazon,FL,282.72,0
888,4470361085250834,2026-01-28 15:45:45,Walmart,NY,1036.31,0
889,4196143753885572,2026-01-14 10:59:45,Amazon,CA,373.36,0
890,4547655087619059,2026-01-31 03:57:45,Target,TX,546.91,0
891,4932675778577103,2026-01-17 19:55:45,Walmart,FL,786.42,0
892,4588953091450193,2026-01-22 01:20:45,Walmart,NY,508.77,0
893,4211982601685007,2026-01-12 20:43:45,Target,CA,1184.13,0
894,4213253222665082,2026-01-31 17:35:45,BestBuy,FL,1476.77,0
895,4223029409815627,2026-01-23 15:44:45,Target,CA,1257.92,0
896,4787068563746355,2026-01-24 15:58:45,Target,NY,483.73,0
897,4568337007619686,2026-01-25 07:41:45,BestBuy,FL,1874.22,1
898,4490640415772338,2026-01-30 16:14:45,Walmart,CA,1591.18,1
899,4618138402254765,2026-02-03 20:21:45,BestBuy,NY,1707.25,1
900,4333349456819259,2026-01-08 12:59:45,Walmart,NJ,629.33,0
901,4326100263638475,2026-02-04 11:42:45,Target,FL,489.71,0
902,4726414928468921,2026-02-06 16:45:45,Amazon,TX,1159.29,0
903,4057819184699901,2026-02-03 16:16:45,Amazon,FL,53.15,0
904,4251708679615951,2026-01-15 20:37:45,GasStation,NJ,957.94,0
905,4591269667342013,2026-01-29 21:43:45,Amazon,TX,1915.37,1
906,4534762226840481,2026-01-20 20:24:45,BestBuy,NJ,1829.81,1
907,4481732460846957,2026-02-01 18:42:45,Amazon,FL,1927.47,1
908,4182489567231818,2026-02-05 18:35:45,GasStation,TX,1056.42,0
909,4675398154850926,2026-01-22 10:06:45,Amazon,CA,1292.02,0
910,4106567542416437,2026-01-22 16:52:45,BestBuy,NY,476.78,0
911,4092750657807439,2026-02-03 10:53:45,Target,TX,275.94,0
912,4284112795884837,2026-01-31 05:21:45,Walmart,TX,1408.53,0
913,4897444429606368,2026-01-13 13:43:45,GasStation,NY,562.07,0
914,4487708746882962,2026-01-28 21:09:45,Amazon,FL,1371.51,0
915,4864080124545851,2026-01-24 12:38:45,Walmart,FL,1274.94,0
916,4027336618366469,2026-01-23 23:27:45,GasStation,NY,1248.29,0
917,4390739354125074,2026-01-18 23:00:45,GasStation,TX,928.09,0
918,4207435248081362,2026-02-02 09:13:45,GasStation,NJ,1087.82,0
919,4240626941084913,2026-01-19 18:13:45,Target,TX,142.44,0
920,4036246972059172,2026-01-21 14:27:45,BestBuy,FL,1593.75,1
921,4553387271507415,2026-02-04 23:02:45,GasStation,CA,342.58,0
922,4083985904381762,2026-02-06 11:33:45,Walmart,TX,1314.86,0
923,4832541536946730,2026-01-26 23:19:45,Amazon,CA,1589.11,1
924,4698380485297425,2026-01-15 14:34:45,Amazon,FL,827.18,0
925,4527129131123176,2026-02-04 01:07:45,Walmart,NY,1132.59,0
926,4544505602478089,2026-01-19 10:18:45,Walmart,CA,1386.91,0
927,4580247178096745,2026-01-21 18:26:45,Walmart,TX,747.26,0
928,4582412527501473,2026-02-04 11:32:45,Walmart,TX,103.34,0
929,4465735352198189,2026-01-10 08:39:45,BestBuy,NY,1630.11,1
930,4906019781078549,2026-01-14 05:05:45,Target,FL,59.12,0
931,4816214387699277,2026-01-23 15:18:45,BestBuy,CA,1616.34,1
932,4668932588912337,2026-01-20 14:30:45,BestBuy,NJ,1244.76,0
933,4625973107432524,2026-01-30 01:05:45,Amazon,NJ,1707.83,1
934,4856724946698317,2026-01-18 23:50:45,Walmart,TX,1135.36,0
935,4024327481138867,2026-01-29 03:58:45,Amazon,NY,1834.16,1
936,4593177600071805,2026-01-24 16:00:45,Amazon,TX,736.1,0
937,4108080736220347,2026-02-02 17:17:45,GasStation,NY,1873.82,1
938,4732036856993922,2026-01-20 23:48:45,Target,FL,1270.03,0
939,4052312831579550,2026-02-04 06:27:45,GasStation,NJ,857.85,0
940,4015268978036004,2026-02-03 17:25:45,GasStation,CA,630.14,0
941,4623833017309172,2026-01-26 13:02:45,GasStation,NY,1681.38,1
942,4024460741027465,2026-01-13 19:35:45,Target,NJ,1652.86,1
943,4450153077902925,2026-01-29 14:39:45,GasStation,FL,487.26,0
944,4542448098992210,2026-01-30 14:35:45,BestBuy,CA,273.59,0
945,4073422557401450,2026-01-27 16:56:45,Target,NY,1269.51,0
946,4124045922432426,2026-01-21 16:49:45,BestBuy,NY,1741.7,1
947,4355858177376859,2026-01-30 15:09:45,GasStation,TX,1831.18,1
948,4419846284394396,2026-01-24 11:57:45,Amazon,FL,730.52,0
949,4171614340954938,2026-02-02 12:27:45,BestBuy,TX,755.02,0
950,4327465201159821,2026-01-12 14:18:45,Walmart,NJ,585.56,0
951,4531944902115666,2026-01-09 00:43:45,Amazon,CA,894.62,0
952,4244156151410998,2026-02-06 15:09:45,Walmart,CA,1798.03,1
953,4442431110228916,2026-01-18 22:16:45,Walmart,NY,682.13,0
954,4246003815636326,2026-01-24 12:50:45,Walmart,NY,923.94,0
955,4358402856078441,2026-01-21 11:43:45,Target,NJ,1527.89,1
956,4922759963719144,2026-01-30 05:45:45,Target,NJ,987.55,0
957,4772846617000862,2026-01-25 02:12:45,Amazon,NJ,1901.23,1
958,4500206711252807,2026-02-04 20:03:45,Target,NY,40.16,0
959,4632088109552856,2026-01-24 01:25:45,BestBuy,NY,1772.82,1
960,4855864553727548,2026-01-22 08:55:45,Amazon,FL,1331.19,0
961,4411829573717734,2026-02-03 10:48:45,BestBuy,NY,1020.49,0
962,4922754252952955,2026-01-21 17:40:45,Amazon,NJ,422.52,0
963,4214048157287019,2026-01-27 02:12:45,Walmart,NY,840.87,0
964,4139309889787684,2026-01-15 01:01:45,BestBuy,FL,318.73,0
965,4963194074108711,2026-01-13 15:17:45,BestBuy,TX,1214.78,0
966,4859319309300690,2026-01-16 06:52:45,Walmart,NJ,617.16,0
967,4945283388656626,2026-01-30 14:54:45,Amazon,TX,108.86,0
968,4421156324945224,2026-01-09 10:53:45,Amazon,CA,1535.1,1
969,4050050182156933,2026-01-09 09:24:45,Target,NY,859.23,0
970,4814587184099105,2026-01-09 03:41:45,Amazon,FL,1200.25,0
971,4842305140325628,2026-01-11 18:43:45,Walmart,NY,1461.5,0
972,4767983712024502,2026-01-20 20:32:45,GasStation,NJ,172.82,0
973,4035560326080572,2026-01-21 22:00:45,BestBuy,NJ,1533.79,1
974,4939052355376123,2026-01-25 06:12:45,BestBuy,TX,1510.87,1
975,4645346832954277,2026-02-01 00:20:45,Walmart,TX,1690.39,1
976,4550998326080298,2026-01-22 11:24:45,GasStation,TX,723.88,0
977,4438923609800314,2026-01-24 21:07:45,Walmart,NJ,872.08,0
978,4290274151149618,2026-01-16 19:36:45,BestBuy,NY,585.78,0
979,4067387742029610,2026-02-07 07:31:45,Target,CA,1111.17,0
980,4413363376750991,2026-01-31 15:29:45,GasStation,NJ,853.06,0
981,4566128053625646,2026-01-22 18:29:45,BestBuy,FL,6.56,0
982,4575486043875600,2026-01-09 20:49:45,GasStation,NY,452.67,0
983,4058797376637878,2026-01-27 09:42:45,Amazon,CA,388.53,0
984,4966338606689130,2026-02-04 12:19:45,BestBuy,TX,280.47,0
985,4820511269914883,2026-01-13 03:57:45,GasStation,NJ,1614.68,1
986,4133192430397283,2026-02-01 04:22:45,Target,NJ,507.46,0
987,4522315077315198,2026-01-27 04:56:45,Amazon,TX,42.62,0
988,4042405979753438,2026-01-14 14:12:45,Walmart,CA,954.21,0
989,4216400375380227,2026-02-05 04:16:45,BestBuy,CA,536.91,0
990,4228910845989275,2026-01-11 12:31:45,Amazon,CA,800.47,0
991,4882535687976493,2026-01-28 10:37:45,GasStation,CA,1266.51,0
992,4340017444989091,2026-01-27 09:31:45,Walmart,FL,939.08,0
993,4697292690714389,2026-02-01 15:18:45,Target,NY,1335.49,0
994,4610658870750508,2026-01-16 11:41:45,Walmart,NJ,640.1,0
995,4913740508078487,2026-01-21 15:47:45,BestBuy,NY,522.16,0
996,4780244979709526,2026-01-31 13:23:45,Walmart,FL,1062.71,0
997,4974788090353125,2026-01-25 12:46:45,BestBuy,TX,85.99,0
998,4526151892423181,2026-01-16 09:52:45,Amazon,TX,564.19,0
999,4174831480824836,2026-01-22 01:40:45,BestBuy,TX,1522.0,1
1000,4185641872433781,2026-02-04 01:53:45,Amazon,NJ,140.27,0
